domain,raw_index,attack,attack_group,binary_label,target_partition
source,4131,normal,normal,0,not_applicable
source,99956,neptune,dos,1,not_applicable
source,99015,neptune,dos,1,not_applicable
source,50161,neptune,dos,1,not_applicable
source,111531,normal,normal,0,not_applicable
source,100992,neptune,dos,1,not_applicable
source,84842,normal,normal,0,not_applicable
source,50117,smurf,dos,1,not_applicable
source,10016,neptune,dos,1,not_applicable
source,103231,normal,normal,0,not_applicable
source,113152,neptune,dos,1,not_applicable
source,43238,normal,normal,0,not_applicable
source,87733,normal,normal,0,not_applicable
source,89894,neptune,dos,1,not_applicable
source,40338,neptune,dos,1,not_applicable
source,123679,normal,normal,0,not_applicable
source,25973,neptune,dos,1,not_applicable
source,24297,normal,normal,0,not_applicable
source,38665,normal,normal,0,not_applicable
source,64235,normal,normal,0,not_applicable
source,69536,normal,normal,0,not_applicable
source,23861,neptune,dos,1,not_applicable
source,49992,neptune,dos,1,not_applicable
source,61158,normal,normal,0,not_applicable
source,16709,normal,normal,0,not_applicable
source,123563,normal,normal,0,not_applicable
source,83541,normal,normal,0,not_applicable
source,36500,normal,normal,0,not_applicable
source,115088,neptune,dos,1,not_applicable
source,98322,normal,normal,0,not_applicable
source,64647,normal,normal,0,not_applicable
source,80569,normal,normal,0,not_applicable
source,13098,normal,normal,0,not_applicable
source,68949,normal,normal,0,not_applicable
source,72329,normal,normal,0,not_applicable
source,29864,normal,normal,0,not_applicable
source,51012,neptune,dos,1,not_applicable
source,109448,neptune,dos,1,not_applicable
source,110877,normal,normal,0,not_applicable
source,97515,neptune,dos,1,not_applicable
source,63230,neptune,dos,1,not_applicable
source,125335,neptune,dos,1,not_applicable
source,124664,neptune,dos,1,not_applicable
source,37005,neptune,dos,1,not_applicable
source,99444,normal,normal,0,not_applicable
source,60399,normal,normal,0,not_applicable
source,32008,neptune,dos,1,not_applicable
source,67516,normal,normal,0,not_applicable
source,56127,normal,normal,0,not_applicable
source,36697,neptune,dos,1,not_applicable
source,114397,normal,normal,0,not_applicable
source,21302,normal,normal,0,not_applicable
source,7365,normal,normal,0,not_applicable
source,103292,neptune,dos,1,not_applicable
source,43742,normal,normal,0,not_applicable
source,114211,normal,normal,0,not_applicable
source,42971,neptune,dos,1,not_applicable
source,75317,neptune,dos,1,not_applicable
source,12110,neptune,dos,1,not_applicable
source,116613,normal,normal,0,not_applicable
source,25482,normal,normal,0,not_applicable
source,87464,neptune,dos,1,not_applicable
source,62512,smurf,dos,1,not_applicable
source,60670,normal,normal,0,not_applicable
source,48454,normal,normal,0,not_applicable
source,90857,normal,normal,0,not_applicable
source,46495,normal,normal,0,not_applicable
source,120025,normal,normal,0,not_applicable
source,59305,neptune,dos,1,not_applicable
source,106715,neptune,dos,1,not_applicable
source,12821,neptune,dos,1,not_applicable
source,91968,neptune,dos,1,not_applicable
source,119749,normal,normal,0,not_applicable
source,5842,neptune,dos,1,not_applicable
source,9429,neptune,dos,1,not_applicable
source,80506,neptune,dos,1,not_applicable
source,124782,neptune,dos,1,not_applicable
source,4380,neptune,dos,1,not_applicable
source,47015,neptune,dos,1,not_applicable
source,16711,neptune,dos,1,not_applicable
source,79545,neptune,dos,1,not_applicable
source,41139,neptune,dos,1,not_applicable
source,20088,normal,normal,0,not_applicable
source,91471,normal,normal,0,not_applicable
source,7606,neptune,dos,1,not_applicable
source,81805,neptune,dos,1,not_applicable
source,117981,normal,normal,0,not_applicable
source,59460,neptune,dos,1,not_applicable
source,67612,normal,normal,0,not_applicable
source,89799,normal,normal,0,not_applicable
source,38052,smurf,dos,1,not_applicable
source,57701,neptune,dos,1,not_applicable
source,79023,normal,normal,0,not_applicable
source,78579,normal,normal,0,not_applicable
source,122300,neptune,dos,1,not_applicable
source,100631,normal,normal,0,not_applicable
source,111871,neptune,dos,1,not_applicable
source,39604,normal,normal,0,not_applicable
source,25698,normal,normal,0,not_applicable
source,45030,neptune,dos,1,not_applicable
source,319,neptune,dos,1,not_applicable
source,81027,neptune,dos,1,not_applicable
source,80512,neptune,dos,1,not_applicable
source,3982,normal,normal,0,not_applicable
source,4769,normal,normal,0,not_applicable
source,62034,teardrop,dos,1,not_applicable
source,10757,neptune,dos,1,not_applicable
source,104425,neptune,dos,1,not_applicable
source,47819,neptune,dos,1,not_applicable
source,25283,neptune,dos,1,not_applicable
source,51242,neptune,dos,1,not_applicable
source,31199,normal,normal,0,not_applicable
source,65,normal,normal,0,not_applicable
source,52666,neptune,dos,1,not_applicable
source,90958,neptune,dos,1,not_applicable
source,112371,normal,normal,0,not_applicable
source,86863,neptune,dos,1,not_applicable
source,107058,normal,normal,0,not_applicable
source,54145,neptune,dos,1,not_applicable
source,81952,normal,normal,0,not_applicable
source,3858,normal,normal,0,not_applicable
source,90879,neptune,dos,1,not_applicable
source,123764,normal,normal,0,not_applicable
source,60598,neptune,dos,1,not_applicable
source,72117,normal,normal,0,not_applicable
source,110245,normal,normal,0,not_applicable
source,125213,neptune,dos,1,not_applicable
source,75318,teardrop,dos,1,not_applicable
source,107616,normal,normal,0,not_applicable
source,105027,neptune,dos,1,not_applicable
source,32872,neptune,dos,1,not_applicable
source,103984,normal,normal,0,not_applicable
source,27061,normal,normal,0,not_applicable
source,25850,normal,normal,0,not_applicable
source,2645,neptune,dos,1,not_applicable
source,74370,neptune,dos,1,not_applicable
source,78645,neptune,dos,1,not_applicable
source,1655,normal,normal,0,not_applicable
source,97053,neptune,dos,1,not_applicable
source,22918,normal,normal,0,not_applicable
source,10077,neptune,dos,1,not_applicable
source,8793,normal,normal,0,not_applicable
source,31188,neptune,dos,1,not_applicable
source,24190,normal,normal,0,not_applicable
source,21101,normal,normal,0,not_applicable
source,40028,neptune,dos,1,not_applicable
source,78739,neptune,dos,1,not_applicable
source,60908,neptune,dos,1,not_applicable
source,103645,normal,normal,0,not_applicable
source,20475,neptune,dos,1,not_applicable
source,10777,neptune,dos,1,not_applicable
source,52915,normal,normal,0,not_applicable
source,107384,normal,normal,0,not_applicable
source,12330,normal,normal,0,not_applicable
source,108312,normal,normal,0,not_applicable
source,71265,normal,normal,0,not_applicable
source,62492,neptune,dos,1,not_applicable
source,110321,neptune,dos,1,not_applicable
source,19656,neptune,dos,1,not_applicable
source,20177,neptune,dos,1,not_applicable
source,111768,normal,normal,0,not_applicable
source,61891,normal,normal,0,not_applicable
source,49438,normal,normal,0,not_applicable
source,95391,teardrop,dos,1,not_applicable
source,69219,neptune,dos,1,not_applicable
source,9314,neptune,dos,1,not_applicable
source,18883,normal,normal,0,not_applicable
source,92278,neptune,dos,1,not_applicable
source,112700,smurf,dos,1,not_applicable
source,50358,normal,normal,0,not_applicable
source,113648,normal,normal,0,not_applicable
source,95933,normal,normal,0,not_applicable
source,65615,neptune,dos,1,not_applicable
source,123080,neptune,dos,1,not_applicable
source,118126,neptune,dos,1,not_applicable
source,32475,normal,normal,0,not_applicable
source,67989,normal,normal,0,not_applicable
source,21979,neptune,dos,1,not_applicable
source,10834,neptune,dos,1,not_applicable
source,108328,neptune,dos,1,not_applicable
source,32125,neptune,dos,1,not_applicable
source,80973,normal,normal,0,not_applicable
source,47666,normal,normal,0,not_applicable
source,6821,neptune,dos,1,not_applicable
source,39276,neptune,dos,1,not_applicable
source,56740,neptune,dos,1,not_applicable
source,13163,normal,normal,0,not_applicable
source,88306,normal,normal,0,not_applicable
source,120697,normal,normal,0,not_applicable
source,65609,normal,normal,0,not_applicable
source,66842,neptune,dos,1,not_applicable
source,20392,neptune,dos,1,not_applicable
source,45357,neptune,dos,1,not_applicable
source,84571,normal,normal,0,not_applicable
source,82416,neptune,dos,1,not_applicable
source,1051,neptune,dos,1,not_applicable
source,40215,neptune,dos,1,not_applicable
source,69650,neptune,dos,1,not_applicable
source,75067,normal,normal,0,not_applicable
source,107624,normal,normal,0,not_applicable
source,118194,normal,normal,0,not_applicable
source,112403,neptune,dos,1,not_applicable
source,52419,normal,normal,0,not_applicable
source,68354,normal,normal,0,not_applicable
source,115242,normal,normal,0,not_applicable
source,55497,normal,normal,0,not_applicable
source,20641,neptune,dos,1,not_applicable
source,103272,smurf,dos,1,not_applicable
source,55544,teardrop,dos,1,not_applicable
source,77878,normal,normal,0,not_applicable
source,36906,normal,normal,0,not_applicable
source,96034,normal,normal,0,not_applicable
source,103041,neptune,dos,1,not_applicable
source,57302,normal,normal,0,not_applicable
source,7225,normal,normal,0,not_applicable
source,24787,normal,normal,0,not_applicable
source,41114,normal,normal,0,not_applicable
source,102031,normal,normal,0,not_applicable
source,124271,neptune,dos,1,not_applicable
source,93906,neptune,dos,1,not_applicable
source,112243,normal,normal,0,not_applicable
source,113121,normal,normal,0,not_applicable
source,84342,normal,normal,0,not_applicable
source,27800,normal,normal,0,not_applicable
source,110192,neptune,dos,1,not_applicable
source,113840,normal,normal,0,not_applicable
source,94128,neptune,dos,1,not_applicable
source,100142,neptune,dos,1,not_applicable
source,90728,neptune,dos,1,not_applicable
source,81865,normal,normal,0,not_applicable
source,28803,neptune,dos,1,not_applicable
source,118572,neptune,dos,1,not_applicable
source,108949,neptune,dos,1,not_applicable
source,69126,normal,normal,0,not_applicable
source,2331,teardrop,dos,1,not_applicable
source,70839,normal,normal,0,not_applicable
source,76839,neptune,dos,1,not_applicable
source,63299,normal,normal,0,not_applicable
source,84987,normal,normal,0,not_applicable
source,5125,normal,normal,0,not_applicable
source,80122,normal,normal,0,not_applicable
source,61646,normal,normal,0,not_applicable
source,50209,back,dos,1,not_applicable
source,84068,neptune,dos,1,not_applicable
source,25657,neptune,dos,1,not_applicable
source,81699,back,dos,1,not_applicable
source,54258,normal,normal,0,not_applicable
source,108719,neptune,dos,1,not_applicable
source,102119,neptune,dos,1,not_applicable
source,72484,normal,normal,0,not_applicable
source,52568,normal,normal,0,not_applicable
source,92893,neptune,dos,1,not_applicable
source,13598,normal,normal,0,not_applicable
source,48911,neptune,dos,1,not_applicable
source,124481,normal,normal,0,not_applicable
source,81547,neptune,dos,1,not_applicable
source,2558,neptune,dos,1,not_applicable
source,54879,normal,normal,0,not_applicable
source,14321,teardrop,dos,1,not_applicable
source,21844,smurf,dos,1,not_applicable
source,47553,neptune,dos,1,not_applicable
source,60241,normal,normal,0,not_applicable
source,43982,smurf,dos,1,not_applicable
source,5339,neptune,dos,1,not_applicable
source,77781,neptune,dos,1,not_applicable
source,5837,teardrop,dos,1,not_applicable
source,81878,neptune,dos,1,not_applicable
source,79077,neptune,dos,1,not_applicable
source,70842,normal,normal,0,not_applicable
source,51778,neptune,dos,1,not_applicable
source,81250,normal,normal,0,not_applicable
source,99094,normal,normal,0,not_applicable
source,89674,normal,normal,0,not_applicable
source,61661,neptune,dos,1,not_applicable
source,103885,neptune,dos,1,not_applicable
source,10293,neptune,dos,1,not_applicable
source,14621,normal,normal,0,not_applicable
source,77693,normal,normal,0,not_applicable
source,118552,neptune,dos,1,not_applicable
source,37771,normal,normal,0,not_applicable
source,25311,normal,normal,0,not_applicable
source,25012,neptune,dos,1,not_applicable
source,22416,normal,normal,0,not_applicable
source,6393,neptune,dos,1,not_applicable
source,101561,smurf,dos,1,not_applicable
source,24476,neptune,dos,1,not_applicable
source,114430,neptune,dos,1,not_applicable
source,32698,neptune,dos,1,not_applicable
source,119686,normal,normal,0,not_applicable
source,82099,normal,normal,0,not_applicable
source,53214,normal,normal,0,not_applicable
source,92576,neptune,dos,1,not_applicable
source,39037,normal,normal,0,not_applicable
source,50802,normal,normal,0,not_applicable
source,57377,normal,normal,0,not_applicable
source,114270,neptune,dos,1,not_applicable
source,12484,normal,normal,0,not_applicable
source,85991,normal,normal,0,not_applicable
source,50751,neptune,dos,1,not_applicable
source,123718,smurf,dos,1,not_applicable
source,85137,normal,normal,0,not_applicable
source,29176,normal,normal,0,not_applicable
source,106379,neptune,dos,1,not_applicable
source,88836,neptune,dos,1,not_applicable
source,113989,normal,normal,0,not_applicable
source,46567,normal,normal,0,not_applicable
source,115076,normal,normal,0,not_applicable
source,101390,neptune,dos,1,not_applicable
source,14850,normal,normal,0,not_applicable
source,7868,normal,normal,0,not_applicable
source,53407,normal,normal,0,not_applicable
source,13090,neptune,dos,1,not_applicable
source,5817,normal,normal,0,not_applicable
source,57124,neptune,dos,1,not_applicable
source,8645,normal,normal,0,not_applicable
source,51174,normal,normal,0,not_applicable
source,48375,neptune,dos,1,not_applicable
source,51566,normal,normal,0,not_applicable
source,2855,neptune,dos,1,not_applicable
source,35219,normal,normal,0,not_applicable
source,95649,normal,normal,0,not_applicable
source,12403,neptune,dos,1,not_applicable
source,72557,neptune,dos,1,not_applicable
source,98274,normal,normal,0,not_applicable
source,58241,normal,normal,0,not_applicable
source,15343,smurf,dos,1,not_applicable
source,98616,neptune,dos,1,not_applicable
source,10137,neptune,dos,1,not_applicable
source,95372,neptune,dos,1,not_applicable
source,84145,neptune,dos,1,not_applicable
source,111332,neptune,dos,1,not_applicable
source,131,neptune,dos,1,not_applicable
source,59134,neptune,dos,1,not_applicable
source,68220,neptune,dos,1,not_applicable
source,1102,normal,normal,0,not_applicable
source,57553,normal,normal,0,not_applicable
source,75784,normal,normal,0,not_applicable
source,109959,neptune,dos,1,not_applicable
source,91482,normal,normal,0,not_applicable
source,10550,normal,normal,0,not_applicable
source,117922,neptune,dos,1,not_applicable
source,48542,neptune,dos,1,not_applicable
source,4482,neptune,dos,1,not_applicable
source,32013,neptune,dos,1,not_applicable
source,48420,normal,normal,0,not_applicable
source,103591,normal,normal,0,not_applicable
source,55838,normal,normal,0,not_applicable
source,79354,neptune,dos,1,not_applicable
source,16891,neptune,dos,1,not_applicable
source,108922,neptune,dos,1,not_applicable
source,34657,normal,normal,0,not_applicable
source,122808,normal,normal,0,not_applicable
source,6112,normal,normal,0,not_applicable
source,26167,normal,normal,0,not_applicable
source,88463,neptune,dos,1,not_applicable
source,119853,normal,normal,0,not_applicable
source,3237,normal,normal,0,not_applicable
source,30626,neptune,dos,1,not_applicable
source,19009,normal,normal,0,not_applicable
source,97259,smurf,dos,1,not_applicable
source,60367,neptune,dos,1,not_applicable
source,10259,neptune,dos,1,not_applicable
source,92720,neptune,dos,1,not_applicable
source,29177,normal,normal,0,not_applicable
source,98942,neptune,dos,1,not_applicable
source,73689,normal,normal,0,not_applicable
source,4859,normal,normal,0,not_applicable
source,119441,normal,normal,0,not_applicable
source,56842,neptune,dos,1,not_applicable
source,90884,normal,normal,0,not_applicable
source,35017,normal,normal,0,not_applicable
source,89516,normal,normal,0,not_applicable
source,97630,neptune,dos,1,not_applicable
source,42639,normal,normal,0,not_applicable
source,59763,neptune,dos,1,not_applicable
source,115516,neptune,dos,1,not_applicable
source,13560,neptune,dos,1,not_applicable
source,48408,neptune,dos,1,not_applicable
source,9876,normal,normal,0,not_applicable
source,74345,neptune,dos,1,not_applicable
source,111984,normal,normal,0,not_applicable
source,27713,neptune,dos,1,not_applicable
source,11431,normal,normal,0,not_applicable
source,36800,smurf,dos,1,not_applicable
source,50110,normal,normal,0,not_applicable
source,2954,normal,normal,0,not_applicable
source,3081,neptune,dos,1,not_applicable
source,48314,neptune,dos,1,not_applicable
source,99856,neptune,dos,1,not_applicable
source,81440,normal,normal,0,not_applicable
source,118206,normal,normal,0,not_applicable
source,98525,normal,normal,0,not_applicable
source,6822,normal,normal,0,not_applicable
source,90045,neptune,dos,1,not_applicable
source,72546,neptune,dos,1,not_applicable
source,31226,neptune,dos,1,not_applicable
source,111202,normal,normal,0,not_applicable
source,31119,normal,normal,0,not_applicable
source,116105,neptune,dos,1,not_applicable
source,71716,neptune,dos,1,not_applicable
source,5091,neptune,dos,1,not_applicable
source,68412,normal,normal,0,not_applicable
source,38461,normal,normal,0,not_applicable
source,40883,normal,normal,0,not_applicable
source,12961,normal,normal,0,not_applicable
source,90540,normal,normal,0,not_applicable
source,76056,normal,normal,0,not_applicable
source,62084,neptune,dos,1,not_applicable
source,100925,neptune,dos,1,not_applicable
source,64115,normal,normal,0,not_applicable
source,87743,normal,normal,0,not_applicable
source,4665,neptune,dos,1,not_applicable
source,93356,normal,normal,0,not_applicable
source,32860,normal,normal,0,not_applicable
source,11747,neptune,dos,1,not_applicable
source,88307,normal,normal,0,not_applicable
source,13045,normal,normal,0,not_applicable
source,21840,neptune,dos,1,not_applicable
source,55581,normal,normal,0,not_applicable
source,112375,neptune,dos,1,not_applicable
source,89935,neptune,dos,1,not_applicable
source,908,normal,normal,0,not_applicable
source,90199,neptune,dos,1,not_applicable
source,74837,normal,normal,0,not_applicable
source,59724,normal,normal,0,not_applicable
source,32174,neptune,dos,1,not_applicable
source,84719,normal,normal,0,not_applicable
source,31123,normal,normal,0,not_applicable
source,108702,normal,normal,0,not_applicable
source,83422,normal,normal,0,not_applicable
source,65505,normal,normal,0,not_applicable
source,72996,normal,normal,0,not_applicable
source,47803,neptune,dos,1,not_applicable
source,86106,neptune,dos,1,not_applicable
source,85921,normal,normal,0,not_applicable
source,27308,neptune,dos,1,not_applicable
source,61722,neptune,dos,1,not_applicable
source,15815,normal,normal,0,not_applicable
source,85837,normal,normal,0,not_applicable
source,3622,neptune,dos,1,not_applicable
source,45655,neptune,dos,1,not_applicable
source,2649,normal,normal,0,not_applicable
source,112564,neptune,dos,1,not_applicable
source,8438,normal,normal,0,not_applicable
source,18663,normal,normal,0,not_applicable
source,91978,neptune,dos,1,not_applicable
source,2105,normal,normal,0,not_applicable
source,74121,neptune,dos,1,not_applicable
source,18970,neptune,dos,1,not_applicable
source,64796,neptune,dos,1,not_applicable
source,98267,normal,normal,0,not_applicable
source,57685,neptune,dos,1,not_applicable
source,100883,teardrop,dos,1,not_applicable
source,121165,neptune,dos,1,not_applicable
source,35410,neptune,dos,1,not_applicable
source,68540,back,dos,1,not_applicable
source,60832,neptune,dos,1,not_applicable
source,2378,smurf,dos,1,not_applicable
source,96749,normal,normal,0,not_applicable
source,50721,neptune,dos,1,not_applicable
source,50492,neptune,dos,1,not_applicable
source,75664,normal,normal,0,not_applicable
source,32901,normal,normal,0,not_applicable
source,5674,neptune,dos,1,not_applicable
source,48355,neptune,dos,1,not_applicable
source,45843,normal,normal,0,not_applicable
source,85435,normal,normal,0,not_applicable
source,2975,neptune,dos,1,not_applicable
source,59526,neptune,dos,1,not_applicable
source,83860,neptune,dos,1,not_applicable
source,64867,normal,normal,0,not_applicable
source,101995,normal,normal,0,not_applicable
source,20262,normal,normal,0,not_applicable
source,26438,neptune,dos,1,not_applicable
source,86192,neptune,dos,1,not_applicable
source,97383,normal,normal,0,not_applicable
source,92129,smurf,dos,1,not_applicable
source,70553,neptune,dos,1,not_applicable
source,80715,neptune,dos,1,not_applicable
source,99868,neptune,dos,1,not_applicable
source,9728,neptune,dos,1,not_applicable
source,82370,neptune,dos,1,not_applicable
source,72700,neptune,dos,1,not_applicable
source,18104,neptune,dos,1,not_applicable
source,70071,normal,normal,0,not_applicable
source,64846,pod,dos,1,not_applicable
source,16999,normal,normal,0,not_applicable
source,75408,neptune,dos,1,not_applicable
source,90103,normal,normal,0,not_applicable
source,38085,neptune,dos,1,not_applicable
source,115304,neptune,dos,1,not_applicable
source,118755,neptune,dos,1,not_applicable
source,15989,normal,normal,0,not_applicable
source,33341,neptune,dos,1,not_applicable
source,57387,normal,normal,0,not_applicable
source,124816,neptune,dos,1,not_applicable
source,11164,neptune,dos,1,not_applicable
source,69688,smurf,dos,1,not_applicable
source,43731,normal,normal,0,not_applicable
source,79138,teardrop,dos,1,not_applicable
source,30866,neptune,dos,1,not_applicable
source,23492,neptune,dos,1,not_applicable
source,10880,neptune,dos,1,not_applicable
source,116963,normal,normal,0,not_applicable
source,73237,neptune,dos,1,not_applicable
source,90538,neptune,dos,1,not_applicable
source,16018,normal,normal,0,not_applicable
source,23546,normal,normal,0,not_applicable
source,84040,neptune,dos,1,not_applicable
source,49790,teardrop,dos,1,not_applicable
source,100388,normal,normal,0,not_applicable
source,40854,normal,normal,0,not_applicable
source,69927,neptune,dos,1,not_applicable
source,93807,neptune,dos,1,not_applicable
source,123159,neptune,dos,1,not_applicable
source,3918,normal,normal,0,not_applicable
source,53597,normal,normal,0,not_applicable
source,68753,neptune,dos,1,not_applicable
source,22737,normal,normal,0,not_applicable
source,15041,normal,normal,0,not_applicable
source,113025,neptune,dos,1,not_applicable
source,36277,neptune,dos,1,not_applicable
source,69190,normal,normal,0,not_applicable
source,111071,normal,normal,0,not_applicable
source,65292,normal,normal,0,not_applicable
source,117531,normal,normal,0,not_applicable
source,47730,neptune,dos,1,not_applicable
source,49254,neptune,dos,1,not_applicable
source,29298,normal,normal,0,not_applicable
source,65218,normal,normal,0,not_applicable
source,75760,neptune,dos,1,not_applicable
source,107081,normal,normal,0,not_applicable
source,70349,normal,normal,0,not_applicable
source,48148,neptune,dos,1,not_applicable
source,1026,normal,normal,0,not_applicable
source,107570,normal,normal,0,not_applicable
source,8976,normal,normal,0,not_applicable
source,50944,normal,normal,0,not_applicable
source,43270,neptune,dos,1,not_applicable
source,34967,neptune,dos,1,not_applicable
source,20117,normal,normal,0,not_applicable
source,10361,neptune,dos,1,not_applicable
source,50603,normal,normal,0,not_applicable
source,23255,neptune,dos,1,not_applicable
source,28007,normal,normal,0,not_applicable
source,116276,normal,normal,0,not_applicable
source,4870,neptune,dos,1,not_applicable
source,73423,normal,normal,0,not_applicable
source,27960,neptune,dos,1,not_applicable
source,68724,normal,normal,0,not_applicable
source,19906,neptune,dos,1,not_applicable
source,9284,neptune,dos,1,not_applicable
source,58637,normal,normal,0,not_applicable
source,73791,neptune,dos,1,not_applicable
source,32736,neptune,dos,1,not_applicable
source,22794,neptune,dos,1,not_applicable
source,73228,normal,normal,0,not_applicable
source,95727,neptune,dos,1,not_applicable
source,76871,normal,normal,0,not_applicable
source,117925,neptune,dos,1,not_applicable
source,92079,normal,normal,0,not_applicable
source,100694,normal,normal,0,not_applicable
source,50628,normal,normal,0,not_applicable
source,82374,normal,normal,0,not_applicable
source,103855,normal,normal,0,not_applicable
source,38392,normal,normal,0,not_applicable
source,30447,normal,normal,0,not_applicable
source,15502,normal,normal,0,not_applicable
source,22774,normal,normal,0,not_applicable
source,38373,neptune,dos,1,not_applicable
source,46708,neptune,dos,1,not_applicable
source,104622,neptune,dos,1,not_applicable
source,6741,normal,normal,0,not_applicable
source,80159,normal,normal,0,not_applicable
source,7912,normal,normal,0,not_applicable
source,69662,normal,normal,0,not_applicable
source,67414,neptune,dos,1,not_applicable
source,32199,normal,normal,0,not_applicable
source,83914,neptune,dos,1,not_applicable
source,11200,normal,normal,0,not_applicable
source,4486,normal,normal,0,not_applicable
source,117265,neptune,dos,1,not_applicable
source,45342,normal,normal,0,not_applicable
source,122438,normal,normal,0,not_applicable
source,99568,normal,normal,0,not_applicable
source,57102,neptune,dos,1,not_applicable
source,20045,neptune,dos,1,not_applicable
source,115831,neptune,dos,1,not_applicable
source,82853,normal,normal,0,not_applicable
source,39538,neptune,dos,1,not_applicable
source,89017,normal,normal,0,not_applicable
source,53712,neptune,dos,1,not_applicable
source,63024,normal,normal,0,not_applicable
source,75241,normal,normal,0,not_applicable
source,58677,neptune,dos,1,not_applicable
source,36292,smurf,dos,1,not_applicable
source,6566,normal,normal,0,not_applicable
source,34997,normal,normal,0,not_applicable
source,18273,neptune,dos,1,not_applicable
source,81202,teardrop,dos,1,not_applicable
source,89467,neptune,dos,1,not_applicable
source,49029,back,dos,1,not_applicable
source,4708,normal,normal,0,not_applicable
source,35360,normal,normal,0,not_applicable
source,90599,normal,normal,0,not_applicable
source,91882,neptune,dos,1,not_applicable
source,45471,normal,normal,0,not_applicable
source,84704,pod,dos,1,not_applicable
source,64731,neptune,dos,1,not_applicable
source,70819,neptune,dos,1,not_applicable
source,107381,neptune,dos,1,not_applicable
source,88754,normal,normal,0,not_applicable
source,52358,neptune,dos,1,not_applicable
source,83126,normal,normal,0,not_applicable
source,7839,back,dos,1,not_applicable
source,1175,normal,normal,0,not_applicable
source,63934,normal,normal,0,not_applicable
source,12363,normal,normal,0,not_applicable
source,70034,neptune,dos,1,not_applicable
source,101609,normal,normal,0,not_applicable
source,118911,neptune,dos,1,not_applicable
source,68277,neptune,dos,1,not_applicable
source,99718,neptune,dos,1,not_applicable
source,28894,neptune,dos,1,not_applicable
source,113907,normal,normal,0,not_applicable
source,29917,neptune,dos,1,not_applicable
source,15228,normal,normal,0,not_applicable
source,88201,normal,normal,0,not_applicable
source,109258,normal,normal,0,not_applicable
source,54411,neptune,dos,1,not_applicable
source,28166,normal,normal,0,not_applicable
source,120212,smurf,dos,1,not_applicable
source,4910,normal,normal,0,not_applicable
source,17450,neptune,dos,1,not_applicable
source,112610,normal,normal,0,not_applicable
source,14109,neptune,dos,1,not_applicable
source,101336,normal,normal,0,not_applicable
source,14870,neptune,dos,1,not_applicable
source,105203,normal,normal,0,not_applicable
source,63323,neptune,dos,1,not_applicable
source,59471,neptune,dos,1,not_applicable
source,47513,normal,normal,0,not_applicable
source,101662,neptune,dos,1,not_applicable
source,52219,normal,normal,0,not_applicable
source,106245,neptune,dos,1,not_applicable
source,32759,normal,normal,0,not_applicable
source,25752,neptune,dos,1,not_applicable
source,11428,normal,normal,0,not_applicable
source,90809,normal,normal,0,not_applicable
source,54965,normal,normal,0,not_applicable
source,88005,normal,normal,0,not_applicable
source,3789,normal,normal,0,not_applicable
source,5279,neptune,dos,1,not_applicable
source,73215,neptune,dos,1,not_applicable
source,32806,normal,normal,0,not_applicable
source,14896,normal,normal,0,not_applicable
source,39864,normal,normal,0,not_applicable
source,6403,neptune,dos,1,not_applicable
source,24538,neptune,dos,1,not_applicable
source,4130,normal,normal,0,not_applicable
source,51796,neptune,dos,1,not_applicable
source,18314,neptune,dos,1,not_applicable
source,49449,normal,normal,0,not_applicable
source,100398,normal,normal,0,not_applicable
source,74117,neptune,dos,1,not_applicable
source,19061,normal,normal,0,not_applicable
source,98844,normal,normal,0,not_applicable
source,99293,neptune,dos,1,not_applicable
source,91927,smurf,dos,1,not_applicable
source,10334,normal,normal,0,not_applicable
source,95633,neptune,dos,1,not_applicable
source,39535,normal,normal,0,not_applicable
source,60696,normal,normal,0,not_applicable
source,12161,neptune,dos,1,not_applicable
source,103030,neptune,dos,1,not_applicable
source,13382,normal,normal,0,not_applicable
source,11221,neptune,dos,1,not_applicable
source,125298,normal,normal,0,not_applicable
source,56682,smurf,dos,1,not_applicable
source,12623,neptune,dos,1,not_applicable
source,30500,normal,normal,0,not_applicable
source,80233,neptune,dos,1,not_applicable
source,59240,normal,normal,0,not_applicable
source,58824,neptune,dos,1,not_applicable
source,91963,neptune,dos,1,not_applicable
source,105985,normal,normal,0,not_applicable
source,67787,neptune,dos,1,not_applicable
source,15776,smurf,dos,1,not_applicable
source,84668,normal,normal,0,not_applicable
source,122344,neptune,dos,1,not_applicable
source,109102,neptune,dos,1,not_applicable
source,108148,normal,normal,0,not_applicable
source,123697,neptune,dos,1,not_applicable
source,120755,neptune,dos,1,not_applicable
source,35634,normal,normal,0,not_applicable
source,93358,neptune,dos,1,not_applicable
source,16453,normal,normal,0,not_applicable
source,13584,normal,normal,0,not_applicable
source,37826,neptune,dos,1,not_applicable
source,119519,neptune,dos,1,not_applicable
source,122304,normal,normal,0,not_applicable
source,24759,neptune,dos,1,not_applicable
source,122576,neptune,dos,1,not_applicable
source,100197,normal,normal,0,not_applicable
source,56352,normal,normal,0,not_applicable
source,26337,normal,normal,0,not_applicable
source,9709,normal,normal,0,not_applicable
source,124060,normal,normal,0,not_applicable
source,50190,normal,normal,0,not_applicable
source,36576,normal,normal,0,not_applicable
source,42930,neptune,dos,1,not_applicable
source,109157,neptune,dos,1,not_applicable
source,93859,neptune,dos,1,not_applicable
source,104603,neptune,dos,1,not_applicable
source,965,neptune,dos,1,not_applicable
source,78737,normal,normal,0,not_applicable
source,124568,normal,normal,0,not_applicable
source,47226,neptune,dos,1,not_applicable
source,77549,neptune,dos,1,not_applicable
source,38317,normal,normal,0,not_applicable
source,66227,normal,normal,0,not_applicable
source,65833,normal,normal,0,not_applicable
source,30579,normal,normal,0,not_applicable
source,64865,neptune,dos,1,not_applicable
source,44906,normal,normal,0,not_applicable
source,103308,normal,normal,0,not_applicable
source,46671,normal,normal,0,not_applicable
source,97601,normal,normal,0,not_applicable
source,36187,back,dos,1,not_applicable
source,45940,neptune,dos,1,not_applicable
source,53153,neptune,dos,1,not_applicable
source,42621,neptune,dos,1,not_applicable
source,10191,normal,normal,0,not_applicable
source,53342,normal,normal,0,not_applicable
source,4817,neptune,dos,1,not_applicable
source,21307,normal,normal,0,not_applicable
source,83448,normal,normal,0,not_applicable
source,115256,normal,normal,0,not_applicable
source,61770,normal,normal,0,not_applicable
source,112793,neptune,dos,1,not_applicable
source,30990,neptune,dos,1,not_applicable
source,7116,neptune,dos,1,not_applicable
source,24897,normal,normal,0,not_applicable
source,94227,normal,normal,0,not_applicable
source,76683,neptune,dos,1,not_applicable
source,19841,smurf,dos,1,not_applicable
source,106665,normal,normal,0,not_applicable
source,13322,normal,normal,0,not_applicable
source,10950,normal,normal,0,not_applicable
source,90952,neptune,dos,1,not_applicable
source,98997,normal,normal,0,not_applicable
source,56307,normal,normal,0,not_applicable
source,97134,normal,normal,0,not_applicable
source,21595,neptune,dos,1,not_applicable
source,89135,neptune,dos,1,not_applicable
source,10724,neptune,dos,1,not_applicable
source,95214,neptune,dos,1,not_applicable
source,24408,neptune,dos,1,not_applicable
source,40054,normal,normal,0,not_applicable
source,95987,neptune,dos,1,not_applicable
source,52916,normal,normal,0,not_applicable
source,94531,normal,normal,0,not_applicable
source,64045,neptune,dos,1,not_applicable
source,61806,normal,normal,0,not_applicable
source,124341,neptune,dos,1,not_applicable
source,25891,neptune,dos,1,not_applicable
source,15210,neptune,dos,1,not_applicable
source,113087,neptune,dos,1,not_applicable
source,98493,neptune,dos,1,not_applicable
source,57206,back,dos,1,not_applicable
source,73156,neptune,dos,1,not_applicable
source,16035,neptune,dos,1,not_applicable
source,42845,normal,normal,0,not_applicable
source,70967,neptune,dos,1,not_applicable
source,73110,normal,normal,0,not_applicable
source,29566,neptune,dos,1,not_applicable
source,96543,normal,normal,0,not_applicable
source,80509,normal,normal,0,not_applicable
source,99152,neptune,dos,1,not_applicable
source,19144,normal,normal,0,not_applicable
source,85421,neptune,dos,1,not_applicable
source,55936,normal,normal,0,not_applicable
source,14609,normal,normal,0,not_applicable
source,13502,neptune,dos,1,not_applicable
source,99542,neptune,dos,1,not_applicable
source,52708,normal,normal,0,not_applicable
source,120691,neptune,dos,1,not_applicable
source,100617,smurf,dos,1,not_applicable
source,20845,normal,normal,0,not_applicable
source,112426,normal,normal,0,not_applicable
source,18583,normal,normal,0,not_applicable
source,74705,neptune,dos,1,not_applicable
source,42610,normal,normal,0,not_applicable
source,13744,neptune,dos,1,not_applicable
source,51666,normal,normal,0,not_applicable
source,56029,smurf,dos,1,not_applicable
source,121298,normal,normal,0,not_applicable
source,111951,normal,normal,0,not_applicable
source,9629,normal,normal,0,not_applicable
source,107344,normal,normal,0,not_applicable
source,50226,normal,normal,0,not_applicable
source,70042,normal,normal,0,not_applicable
source,121913,normal,normal,0,not_applicable
source,10919,neptune,dos,1,not_applicable
source,51556,normal,normal,0,not_applicable
source,59391,neptune,dos,1,not_applicable
source,1447,normal,normal,0,not_applicable
source,28830,normal,normal,0,not_applicable
source,64601,teardrop,dos,1,not_applicable
source,90259,neptune,dos,1,not_applicable
source,105190,normal,normal,0,not_applicable
source,7159,neptune,dos,1,not_applicable
source,85836,normal,normal,0,not_applicable
source,88446,normal,normal,0,not_applicable
source,50108,neptune,dos,1,not_applicable
source,9940,neptune,dos,1,not_applicable
source,93508,neptune,dos,1,not_applicable
source,39094,normal,normal,0,not_applicable
source,35576,smurf,dos,1,not_applicable
source,120351,neptune,dos,1,not_applicable
source,51072,normal,normal,0,not_applicable
source,3509,neptune,dos,1,not_applicable
source,123494,normal,normal,0,not_applicable
source,72253,neptune,dos,1,not_applicable
source,22777,neptune,dos,1,not_applicable
source,4717,neptune,dos,1,not_applicable
source,67935,normal,normal,0,not_applicable
source,109681,neptune,dos,1,not_applicable
source,1416,neptune,dos,1,not_applicable
source,42348,neptune,dos,1,not_applicable
source,111286,normal,normal,0,not_applicable
source,53894,neptune,dos,1,not_applicable
source,120972,normal,normal,0,not_applicable
source,55212,neptune,dos,1,not_applicable
source,29665,normal,normal,0,not_applicable
source,86067,normal,normal,0,not_applicable
source,85211,neptune,dos,1,not_applicable
source,19660,neptune,dos,1,not_applicable
source,27883,neptune,dos,1,not_applicable
source,50022,neptune,dos,1,not_applicable
source,73453,neptune,dos,1,not_applicable
source,88169,normal,normal,0,not_applicable
source,46557,neptune,dos,1,not_applicable
source,115462,neptune,dos,1,not_applicable
source,57935,normal,normal,0,not_applicable
source,76347,neptune,dos,1,not_applicable
source,99676,neptune,dos,1,not_applicable
source,12323,normal,normal,0,not_applicable
source,86147,normal,normal,0,not_applicable
source,83650,neptune,dos,1,not_applicable
source,120967,neptune,dos,1,not_applicable
source,97138,normal,normal,0,not_applicable
source,14878,normal,normal,0,not_applicable
source,64052,normal,normal,0,not_applicable
source,81791,normal,normal,0,not_applicable
source,19799,normal,normal,0,not_applicable
source,71499,normal,normal,0,not_applicable
source,124461,normal,normal,0,not_applicable
source,5411,normal,normal,0,not_applicable
source,83591,normal,normal,0,not_applicable
source,73952,teardrop,dos,1,not_applicable
source,87431,normal,normal,0,not_applicable
source,81912,neptune,dos,1,not_applicable
source,27003,normal,normal,0,not_applicable
source,110550,normal,normal,0,not_applicable
source,46990,normal,normal,0,not_applicable
source,98120,neptune,dos,1,not_applicable
source,35293,normal,normal,0,not_applicable
source,4730,normal,normal,0,not_applicable
source,60623,neptune,dos,1,not_applicable
source,108393,neptune,dos,1,not_applicable
source,34479,normal,normal,0,not_applicable
source,101929,neptune,dos,1,not_applicable
source,10067,neptune,dos,1,not_applicable
source,33933,neptune,dos,1,not_applicable
source,123742,normal,normal,0,not_applicable
source,57428,neptune,dos,1,not_applicable
source,94286,neptune,dos,1,not_applicable
source,22303,normal,normal,0,not_applicable
source,80912,neptune,dos,1,not_applicable
source,106563,normal,normal,0,not_applicable
source,57223,neptune,dos,1,not_applicable
source,5519,neptune,dos,1,not_applicable
source,63747,neptune,dos,1,not_applicable
source,81652,neptune,dos,1,not_applicable
source,23100,normal,normal,0,not_applicable
source,36034,normal,normal,0,not_applicable
source,74367,normal,normal,0,not_applicable
source,36005,normal,normal,0,not_applicable
source,6664,neptune,dos,1,not_applicable
source,104104,normal,normal,0,not_applicable
source,99074,normal,normal,0,not_applicable
source,12709,normal,normal,0,not_applicable
source,13042,neptune,dos,1,not_applicable
source,94163,neptune,dos,1,not_applicable
source,27916,normal,normal,0,not_applicable
source,99923,neptune,dos,1,not_applicable
source,14200,normal,normal,0,not_applicable
source,81084,normal,normal,0,not_applicable
source,66824,normal,normal,0,not_applicable
source,117454,neptune,dos,1,not_applicable
source,105491,neptune,dos,1,not_applicable
source,33456,neptune,dos,1,not_applicable
source,99806,normal,normal,0,not_applicable
source,112572,neptune,dos,1,not_applicable
source,21239,normal,normal,0,not_applicable
source,83162,normal,normal,0,not_applicable
source,71156,neptune,dos,1,not_applicable
source,96318,normal,normal,0,not_applicable
source,99244,normal,normal,0,not_applicable
source,31442,neptune,dos,1,not_applicable
source,69872,normal,normal,0,not_applicable
source,48638,normal,normal,0,not_applicable
source,15984,neptune,dos,1,not_applicable
source,123701,neptune,dos,1,not_applicable
source,41763,normal,normal,0,not_applicable
source,76487,neptune,dos,1,not_applicable
source,83083,normal,normal,0,not_applicable
source,74509,normal,normal,0,not_applicable
source,21218,normal,normal,0,not_applicable
source,107104,normal,normal,0,not_applicable
source,60308,neptune,dos,1,not_applicable
source,113144,normal,normal,0,not_applicable
source,39336,back,dos,1,not_applicable
source,115007,normal,normal,0,not_applicable
source,97963,normal,normal,0,not_applicable
source,22185,normal,normal,0,not_applicable
source,27197,normal,normal,0,not_applicable
source,75130,neptune,dos,1,not_applicable
source,73676,neptune,dos,1,not_applicable
source,64636,neptune,dos,1,not_applicable
source,47269,teardrop,dos,1,not_applicable
source,79573,neptune,dos,1,not_applicable
source,30572,normal,normal,0,not_applicable
source,19668,normal,normal,0,not_applicable
source,35035,neptune,dos,1,not_applicable
source,72321,neptune,dos,1,not_applicable
source,1115,smurf,dos,1,not_applicable
source,33999,normal,normal,0,not_applicable
source,42528,neptune,dos,1,not_applicable
source,36775,normal,normal,0,not_applicable
source,4192,neptune,dos,1,not_applicable
source,120017,neptune,dos,1,not_applicable
source,60972,normal,normal,0,not_applicable
source,115789,normal,normal,0,not_applicable
source,106811,normal,normal,0,not_applicable
source,1293,neptune,dos,1,not_applicable
source,13287,normal,normal,0,not_applicable
source,28411,neptune,dos,1,not_applicable
source,78102,normal,normal,0,not_applicable
source,19447,neptune,dos,1,not_applicable
source,106703,normal,normal,0,not_applicable
source,9669,neptune,dos,1,not_applicable
source,16411,neptune,dos,1,not_applicable
source,55468,neptune,dos,1,not_applicable
source,51905,neptune,dos,1,not_applicable
source,74878,neptune,dos,1,not_applicable
source,104916,normal,normal,0,not_applicable
source,39490,normal,normal,0,not_applicable
source,110397,neptune,dos,1,not_applicable
source,46552,neptune,dos,1,not_applicable
source,61761,neptune,dos,1,not_applicable
source,107072,neptune,dos,1,not_applicable
source,21106,normal,normal,0,not_applicable
source,9065,normal,normal,0,not_applicable
source,9255,neptune,dos,1,not_applicable
source,77794,neptune,dos,1,not_applicable
source,52188,normal,normal,0,not_applicable
source,70410,neptune,dos,1,not_applicable
source,121118,neptune,dos,1,not_applicable
source,72201,neptune,dos,1,not_applicable
source,97269,neptune,dos,1,not_applicable
source,97253,neptune,dos,1,not_applicable
source,115574,normal,normal,0,not_applicable
source,119223,normal,normal,0,not_applicable
source,103942,normal,normal,0,not_applicable
source,75178,normal,normal,0,not_applicable
source,51771,neptune,dos,1,not_applicable
source,112025,normal,normal,0,not_applicable
source,80620,smurf,dos,1,not_applicable
source,21691,neptune,dos,1,not_applicable
source,30949,neptune,dos,1,not_applicable
source,87472,neptune,dos,1,not_applicable
source,83985,back,dos,1,not_applicable
source,48789,normal,normal,0,not_applicable
source,4709,neptune,dos,1,not_applicable
source,99751,normal,normal,0,not_applicable
source,79128,smurf,dos,1,not_applicable
source,55884,normal,normal,0,not_applicable
source,79162,neptune,dos,1,not_applicable
source,29292,neptune,dos,1,not_applicable
source,9087,normal,normal,0,not_applicable
source,88626,neptune,dos,1,not_applicable
source,72476,normal,normal,0,not_applicable
source,113602,normal,normal,0,not_applicable
source,26652,normal,normal,0,not_applicable
source,97137,neptune,dos,1,not_applicable
source,88664,smurf,dos,1,not_applicable
source,58844,neptune,dos,1,not_applicable
source,97130,neptune,dos,1,not_applicable
source,41760,neptune,dos,1,not_applicable
source,7331,normal,normal,0,not_applicable
source,9031,normal,normal,0,not_applicable
source,100634,neptune,dos,1,not_applicable
source,56596,neptune,dos,1,not_applicable
source,100308,normal,normal,0,not_applicable
source,116553,normal,normal,0,not_applicable
source,70605,normal,normal,0,not_applicable
source,51085,neptune,dos,1,not_applicable
source,56282,normal,normal,0,not_applicable
source,118735,normal,normal,0,not_applicable
source,45559,neptune,dos,1,not_applicable
source,25460,normal,normal,0,not_applicable
source,57867,normal,normal,0,not_applicable
source,19424,neptune,dos,1,not_applicable
source,77020,smurf,dos,1,not_applicable
source,115541,neptune,dos,1,not_applicable
source,114760,normal,normal,0,not_applicable
source,24827,normal,normal,0,not_applicable
source,108934,normal,normal,0,not_applicable
source,31852,neptune,dos,1,not_applicable
source,29478,normal,normal,0,not_applicable
source,107799,normal,normal,0,not_applicable
source,13842,normal,normal,0,not_applicable
source,90827,neptune,dos,1,not_applicable
source,55094,normal,normal,0,not_applicable
source,48774,neptune,dos,1,not_applicable
source,108508,neptune,dos,1,not_applicable
source,12807,normal,normal,0,not_applicable
source,81372,normal,normal,0,not_applicable
source,101322,neptune,dos,1,not_applicable
source,63295,normal,normal,0,not_applicable
source,82384,neptune,dos,1,not_applicable
source,23691,neptune,dos,1,not_applicable
source,48971,normal,normal,0,not_applicable
source,59136,neptune,dos,1,not_applicable
source,114290,back,dos,1,not_applicable
source,102815,normal,normal,0,not_applicable
source,71393,normal,normal,0,not_applicable
source,92165,smurf,dos,1,not_applicable
source,25740,neptune,dos,1,not_applicable
source,88097,normal,normal,0,not_applicable
source,43032,normal,normal,0,not_applicable
source,77881,neptune,dos,1,not_applicable
source,57338,neptune,dos,1,not_applicable
source,20824,neptune,dos,1,not_applicable
source,15361,neptune,dos,1,not_applicable
source,90949,normal,normal,0,not_applicable
source,79921,neptune,dos,1,not_applicable
source,124015,neptune,dos,1,not_applicable
source,117021,neptune,dos,1,not_applicable
source,100610,neptune,dos,1,not_applicable
source,8150,neptune,dos,1,not_applicable
source,29422,normal,normal,0,not_applicable
source,23847,neptune,dos,1,not_applicable
source,18842,smurf,dos,1,not_applicable
source,12657,normal,normal,0,not_applicable
source,114987,neptune,dos,1,not_applicable
source,84179,neptune,dos,1,not_applicable
source,95883,neptune,dos,1,not_applicable
source,47037,normal,normal,0,not_applicable
source,86732,normal,normal,0,not_applicable
source,68114,neptune,dos,1,not_applicable
source,73961,neptune,dos,1,not_applicable
source,610,normal,normal,0,not_applicable
source,82675,normal,normal,0,not_applicable
source,5458,neptune,dos,1,not_applicable
source,67100,neptune,dos,1,not_applicable
source,7308,neptune,dos,1,not_applicable
source,50245,neptune,dos,1,not_applicable
source,55545,normal,normal,0,not_applicable
source,63762,neptune,dos,1,not_applicable
source,36798,normal,normal,0,not_applicable
source,77492,neptune,dos,1,not_applicable
source,20221,neptune,dos,1,not_applicable
source,118825,normal,normal,0,not_applicable
source,61663,neptune,dos,1,not_applicable
source,121189,normal,normal,0,not_applicable
source,29220,normal,normal,0,not_applicable
source,63457,smurf,dos,1,not_applicable
source,55693,normal,normal,0,not_applicable
source,38735,normal,normal,0,not_applicable
source,64507,normal,normal,0,not_applicable
source,16046,normal,normal,0,not_applicable
source,91629,normal,normal,0,not_applicable
source,84256,normal,normal,0,not_applicable
source,102450,normal,normal,0,not_applicable
source,121276,normal,normal,0,not_applicable
source,57616,normal,normal,0,not_applicable
source,4230,neptune,dos,1,not_applicable
source,38025,normal,normal,0,not_applicable
source,98624,normal,normal,0,not_applicable
source,51570,normal,normal,0,not_applicable
source,48146,neptune,dos,1,not_applicable
source,47514,neptune,dos,1,not_applicable
source,26119,normal,normal,0,not_applicable
source,55428,neptune,dos,1,not_applicable
source,121148,normal,normal,0,not_applicable
source,80578,normal,normal,0,not_applicable
source,16493,normal,normal,0,not_applicable
source,68772,teardrop,dos,1,not_applicable
source,109970,normal,normal,0,not_applicable
source,88286,normal,normal,0,not_applicable
source,72943,neptune,dos,1,not_applicable
source,24390,normal,normal,0,not_applicable
source,124124,normal,normal,0,not_applicable
source,18785,teardrop,dos,1,not_applicable
source,101841,neptune,dos,1,not_applicable
source,112480,normal,normal,0,not_applicable
source,78562,normal,normal,0,not_applicable
source,11372,normal,normal,0,not_applicable
source,124928,normal,normal,0,not_applicable
source,55012,neptune,dos,1,not_applicable
source,58728,teardrop,dos,1,not_applicable
source,76111,back,dos,1,not_applicable
source,94376,neptune,dos,1,not_applicable
source,9903,normal,normal,0,not_applicable
source,77288,neptune,dos,1,not_applicable
source,28891,normal,normal,0,not_applicable
source,7178,neptune,dos,1,not_applicable
source,32261,normal,normal,0,not_applicable
source,53678,neptune,dos,1,not_applicable
source,10988,normal,normal,0,not_applicable
source,94174,normal,normal,0,not_applicable
source,115751,neptune,dos,1,not_applicable
source,25771,normal,normal,0,not_applicable
source,119936,normal,normal,0,not_applicable
source,121186,neptune,dos,1,not_applicable
source,64910,neptune,dos,1,not_applicable
source,35744,normal,normal,0,not_applicable
source,38592,neptune,dos,1,not_applicable
source,21872,neptune,dos,1,not_applicable
source,125387,normal,normal,0,not_applicable
source,62037,normal,normal,0,not_applicable
source,22507,neptune,dos,1,not_applicable
source,31787,neptune,dos,1,not_applicable
source,17475,neptune,dos,1,not_applicable
source,111706,normal,normal,0,not_applicable
source,99351,normal,normal,0,not_applicable
source,54164,normal,normal,0,not_applicable
source,104788,neptune,dos,1,not_applicable
source,22558,normal,normal,0,not_applicable
source,57018,normal,normal,0,not_applicable
source,123335,normal,normal,0,not_applicable
source,69429,neptune,dos,1,not_applicable
source,25774,back,dos,1,not_applicable
source,57304,normal,normal,0,not_applicable
source,53885,normal,normal,0,not_applicable
source,95075,normal,normal,0,not_applicable
source,66556,neptune,dos,1,not_applicable
source,88223,neptune,dos,1,not_applicable
source,40939,neptune,dos,1,not_applicable
source,97308,normal,normal,0,not_applicable
source,102131,neptune,dos,1,not_applicable
source,116050,normal,normal,0,not_applicable
source,53686,normal,normal,0,not_applicable
source,36640,normal,normal,0,not_applicable
source,44355,normal,normal,0,not_applicable
source,68519,normal,normal,0,not_applicable
source,43599,normal,normal,0,not_applicable
source,64499,neptune,dos,1,not_applicable
source,114610,neptune,dos,1,not_applicable
source,635,normal,normal,0,not_applicable
source,114780,normal,normal,0,not_applicable
source,110194,neptune,dos,1,not_applicable
source,3315,neptune,dos,1,not_applicable
source,35190,normal,normal,0,not_applicable
source,26805,normal,normal,0,not_applicable
source,38983,neptune,dos,1,not_applicable
source,67434,normal,normal,0,not_applicable
source,1759,normal,normal,0,not_applicable
source,94707,normal,normal,0,not_applicable
source,6971,normal,normal,0,not_applicable
source,77736,neptune,dos,1,not_applicable
source,56288,normal,normal,0,not_applicable
source,47484,neptune,dos,1,not_applicable
source,83372,normal,normal,0,not_applicable
source,122935,neptune,dos,1,not_applicable
source,97384,normal,normal,0,not_applicable
source,95432,smurf,dos,1,not_applicable
source,28845,normal,normal,0,not_applicable
source,45380,normal,normal,0,not_applicable
source,115788,neptune,dos,1,not_applicable
source,94131,smurf,dos,1,not_applicable
source,16542,normal,normal,0,not_applicable
source,20240,normal,normal,0,not_applicable
source,77847,neptune,dos,1,not_applicable
source,8122,neptune,dos,1,not_applicable
source,52381,normal,normal,0,not_applicable
source,45224,normal,normal,0,not_applicable
source,73471,normal,normal,0,not_applicable
source,15235,neptune,dos,1,not_applicable
source,76682,normal,normal,0,not_applicable
source,15173,neptune,dos,1,not_applicable
source,6858,normal,normal,0,not_applicable
source,17499,neptune,dos,1,not_applicable
source,32915,neptune,dos,1,not_applicable
source,7640,normal,normal,0,not_applicable
source,871,neptune,dos,1,not_applicable
source,58313,normal,normal,0,not_applicable
source,98397,normal,normal,0,not_applicable
source,38956,neptune,dos,1,not_applicable
source,79596,normal,normal,0,not_applicable
source,69402,pod,dos,1,not_applicable
source,25814,neptune,dos,1,not_applicable
source,45228,neptune,dos,1,not_applicable
source,17033,normal,normal,0,not_applicable
source,46986,neptune,dos,1,not_applicable
source,87598,smurf,dos,1,not_applicable
source,100747,normal,normal,0,not_applicable
source,47080,neptune,dos,1,not_applicable
source,89602,normal,normal,0,not_applicable
source,50633,normal,normal,0,not_applicable
source,79671,normal,normal,0,not_applicable
source,89354,neptune,dos,1,not_applicable
source,74639,normal,normal,0,not_applicable
source,79792,normal,normal,0,not_applicable
source,102619,normal,normal,0,not_applicable
source,93425,neptune,dos,1,not_applicable
source,16082,normal,normal,0,not_applicable
source,5976,neptune,dos,1,not_applicable
source,71955,neptune,dos,1,not_applicable
source,25665,normal,normal,0,not_applicable
source,10032,neptune,dos,1,not_applicable
source,56650,neptune,dos,1,not_applicable
source,885,normal,normal,0,not_applicable
source,105884,normal,normal,0,not_applicable
source,120361,normal,normal,0,not_applicable
source,20500,normal,normal,0,not_applicable
source,45281,neptune,dos,1,not_applicable
source,62843,normal,normal,0,not_applicable
source,44668,normal,normal,0,not_applicable
source,19307,neptune,dos,1,not_applicable
source,4317,neptune,dos,1,not_applicable
source,50211,neptune,dos,1,not_applicable
source,13708,neptune,dos,1,not_applicable
source,97433,normal,normal,0,not_applicable
source,115722,neptune,dos,1,not_applicable
source,31785,normal,normal,0,not_applicable
source,4608,normal,normal,0,not_applicable
source,1424,teardrop,dos,1,not_applicable
source,115270,normal,normal,0,not_applicable
source,68022,normal,normal,0,not_applicable
source,97026,normal,normal,0,not_applicable
source,90022,neptune,dos,1,not_applicable
source,24091,normal,normal,0,not_applicable
source,17668,neptune,dos,1,not_applicable
source,85440,normal,normal,0,not_applicable
source,29374,normal,normal,0,not_applicable
source,110255,normal,normal,0,not_applicable
source,17040,smurf,dos,1,not_applicable
source,118152,neptune,dos,1,not_applicable
source,19390,normal,normal,0,not_applicable
source,118967,neptune,dos,1,not_applicable
source,44853,normal,normal,0,not_applicable
source,97101,pod,dos,1,not_applicable
source,110131,normal,normal,0,not_applicable
source,27231,normal,normal,0,not_applicable
source,28811,neptune,dos,1,not_applicable
source,76185,normal,normal,0,not_applicable
source,44340,normal,normal,0,not_applicable
source,45000,normal,normal,0,not_applicable
source,15416,neptune,dos,1,not_applicable
source,7586,neptune,dos,1,not_applicable
source,37872,neptune,dos,1,not_applicable
source,24966,neptune,dos,1,not_applicable
source,99784,teardrop,dos,1,not_applicable
source,57500,normal,normal,0,not_applicable
source,108722,neptune,dos,1,not_applicable
source,2634,normal,normal,0,not_applicable
source,51575,normal,normal,0,not_applicable
source,27205,normal,normal,0,not_applicable
source,93746,neptune,dos,1,not_applicable
source,69765,neptune,dos,1,not_applicable
source,34667,normal,normal,0,not_applicable
source,102751,neptune,dos,1,not_applicable
source,96374,normal,normal,0,not_applicable
source,47367,neptune,dos,1,not_applicable
source,91601,neptune,dos,1,not_applicable
source,43647,smurf,dos,1,not_applicable
source,124848,neptune,dos,1,not_applicable
source,94088,neptune,dos,1,not_applicable
source,11769,normal,normal,0,not_applicable
source,122311,normal,normal,0,not_applicable
source,4128,neptune,dos,1,not_applicable
source,44559,neptune,dos,1,not_applicable
source,61678,neptune,dos,1,not_applicable
source,38249,neptune,dos,1,not_applicable
source,94303,normal,normal,0,not_applicable
source,782,normal,normal,0,not_applicable
source,117434,normal,normal,0,not_applicable
source,62089,neptune,dos,1,not_applicable
source,102993,normal,normal,0,not_applicable
source,25607,smurf,dos,1,not_applicable
source,119819,neptune,dos,1,not_applicable
source,53804,neptune,dos,1,not_applicable
source,41199,normal,normal,0,not_applicable
source,68938,normal,normal,0,not_applicable
source,86363,normal,normal,0,not_applicable
source,34067,normal,normal,0,not_applicable
source,74223,neptune,dos,1,not_applicable
source,82107,neptune,dos,1,not_applicable
source,123963,normal,normal,0,not_applicable
source,52168,neptune,dos,1,not_applicable
source,39308,neptune,dos,1,not_applicable
source,38087,neptune,dos,1,not_applicable
source,10322,normal,normal,0,not_applicable
source,118335,neptune,dos,1,not_applicable
source,95861,smurf,dos,1,not_applicable
source,59627,normal,normal,0,not_applicable
source,113418,neptune,dos,1,not_applicable
source,95860,neptune,dos,1,not_applicable
source,24169,neptune,dos,1,not_applicable
source,120004,neptune,dos,1,not_applicable
source,1802,neptune,dos,1,not_applicable
source,67775,normal,normal,0,not_applicable
source,23527,normal,normal,0,not_applicable
source,85689,normal,normal,0,not_applicable
source,80423,teardrop,dos,1,not_applicable
source,45446,normal,normal,0,not_applicable
source,10416,normal,normal,0,not_applicable
source,21085,neptune,dos,1,not_applicable
source,30451,normal,normal,0,not_applicable
source,73550,neptune,dos,1,not_applicable
source,92184,normal,normal,0,not_applicable
source,23647,teardrop,dos,1,not_applicable
source,19814,normal,normal,0,not_applicable
source,117431,neptune,dos,1,not_applicable
source,21767,neptune,dos,1,not_applicable
source,94541,neptune,dos,1,not_applicable
source,20320,normal,normal,0,not_applicable
source,86210,neptune,dos,1,not_applicable
source,926,normal,normal,0,not_applicable
source,99694,neptune,dos,1,not_applicable
source,1949,neptune,dos,1,not_applicable
source,89502,neptune,dos,1,not_applicable
source,47132,neptune,dos,1,not_applicable
source,10552,normal,normal,0,not_applicable
source,16926,teardrop,dos,1,not_applicable
source,80023,neptune,dos,1,not_applicable
source,45554,neptune,dos,1,not_applicable
source,92802,normal,normal,0,not_applicable
source,46588,normal,normal,0,not_applicable
source,56092,neptune,dos,1,not_applicable
source,115626,normal,normal,0,not_applicable
source,106139,normal,normal,0,not_applicable
source,118429,normal,normal,0,not_applicable
source,79266,neptune,dos,1,not_applicable
source,105315,normal,normal,0,not_applicable
source,84137,neptune,dos,1,not_applicable
source,77407,neptune,dos,1,not_applicable
source,106968,normal,normal,0,not_applicable
source,91859,pod,dos,1,not_applicable
source,66853,neptune,dos,1,not_applicable
source,51475,smurf,dos,1,not_applicable
source,107073,neptune,dos,1,not_applicable
source,36520,normal,normal,0,not_applicable
source,74297,neptune,dos,1,not_applicable
source,30071,normal,normal,0,not_applicable
source,18279,normal,normal,0,not_applicable
source,51861,normal,normal,0,not_applicable
source,43073,smurf,dos,1,not_applicable
source,40365,normal,normal,0,not_applicable
source,72833,neptune,dos,1,not_applicable
source,72572,normal,normal,0,not_applicable
source,106696,normal,normal,0,not_applicable
source,95486,neptune,dos,1,not_applicable
source,94766,teardrop,dos,1,not_applicable
source,15903,neptune,dos,1,not_applicable
source,47345,neptune,dos,1,not_applicable
source,41566,neptune,dos,1,not_applicable
source,61201,normal,normal,0,not_applicable
source,66002,neptune,dos,1,not_applicable
source,94414,neptune,dos,1,not_applicable
source,52768,neptune,dos,1,not_applicable
source,55294,neptune,dos,1,not_applicable
source,89345,neptune,dos,1,not_applicable
source,69131,normal,normal,0,not_applicable
source,90320,neptune,dos,1,not_applicable
source,61488,normal,normal,0,not_applicable
source,66819,neptune,dos,1,not_applicable
source,68360,normal,normal,0,not_applicable
source,27607,neptune,dos,1,not_applicable
source,96632,neptune,dos,1,not_applicable
source,34581,normal,normal,0,not_applicable
source,118616,smurf,dos,1,not_applicable
source,106185,normal,normal,0,not_applicable
source,27311,neptune,dos,1,not_applicable
source,123504,smurf,dos,1,not_applicable
source,5747,neptune,dos,1,not_applicable
source,11774,normal,normal,0,not_applicable
source,15099,normal,normal,0,not_applicable
source,118195,neptune,dos,1,not_applicable
source,33697,teardrop,dos,1,not_applicable
source,76962,normal,normal,0,not_applicable
source,83267,neptune,dos,1,not_applicable
source,67131,normal,normal,0,not_applicable
source,54030,neptune,dos,1,not_applicable
source,10478,neptune,dos,1,not_applicable
source,100356,neptune,dos,1,not_applicable
source,33833,neptune,dos,1,not_applicable
source,115285,teardrop,dos,1,not_applicable
source,40463,neptune,dos,1,not_applicable
source,98980,normal,normal,0,not_applicable
source,54886,neptune,dos,1,not_applicable
source,81765,normal,normal,0,not_applicable
source,109817,neptune,dos,1,not_applicable
source,7654,normal,normal,0,not_applicable
source,2742,normal,normal,0,not_applicable
source,35932,neptune,dos,1,not_applicable
source,113818,normal,normal,0,not_applicable
source,15567,smurf,dos,1,not_applicable
source,96209,normal,normal,0,not_applicable
source,49196,neptune,dos,1,not_applicable
source,14508,normal,normal,0,not_applicable
source,14117,neptune,dos,1,not_applicable
source,113885,normal,normal,0,not_applicable
source,38497,normal,normal,0,not_applicable
source,48122,neptune,dos,1,not_applicable
source,24392,normal,normal,0,not_applicable
source,3723,teardrop,dos,1,not_applicable
source,8970,normal,normal,0,not_applicable
source,36628,normal,normal,0,not_applicable
source,38883,neptune,dos,1,not_applicable
source,43179,neptune,dos,1,not_applicable
source,104587,normal,normal,0,not_applicable
source,63519,neptune,dos,1,not_applicable
source,67019,neptune,dos,1,not_applicable
source,13117,normal,normal,0,not_applicable
source,102016,neptune,dos,1,not_applicable
source,36493,neptune,dos,1,not_applicable
source,9206,neptune,dos,1,not_applicable
source,2265,smurf,dos,1,not_applicable
source,89395,normal,normal,0,not_applicable
source,101763,normal,normal,0,not_applicable
source,56573,neptune,dos,1,not_applicable
source,124457,normal,normal,0,not_applicable
source,50553,neptune,dos,1,not_applicable
source,91563,neptune,dos,1,not_applicable
source,112988,normal,normal,0,not_applicable
source,100372,normal,normal,0,not_applicable
source,36093,normal,normal,0,not_applicable
source,16452,neptune,dos,1,not_applicable
source,101587,normal,normal,0,not_applicable
source,17785,normal,normal,0,not_applicable
source,117626,neptune,dos,1,not_applicable
source,99967,neptune,dos,1,not_applicable
source,57917,normal,normal,0,not_applicable
source,60679,normal,normal,0,not_applicable
source,87473,normal,normal,0,not_applicable
source,27080,normal,normal,0,not_applicable
source,78570,normal,normal,0,not_applicable
source,106856,normal,normal,0,not_applicable
source,108649,normal,normal,0,not_applicable
source,50004,normal,normal,0,not_applicable
source,122388,normal,normal,0,not_applicable
source,103102,neptune,dos,1,not_applicable
source,1118,neptune,dos,1,not_applicable
source,125652,neptune,dos,1,not_applicable
source,112811,normal,normal,0,not_applicable
source,103006,normal,normal,0,not_applicable
source,90139,normal,normal,0,not_applicable
source,4228,neptune,dos,1,not_applicable
source,52228,normal,normal,0,not_applicable
source,8291,neptune,dos,1,not_applicable
source,23194,neptune,dos,1,not_applicable
source,110458,normal,normal,0,not_applicable
source,15975,normal,normal,0,not_applicable
source,88154,neptune,dos,1,not_applicable
source,93923,normal,normal,0,not_applicable
source,106427,normal,normal,0,not_applicable
source,115158,normal,normal,0,not_applicable
source,94918,neptune,dos,1,not_applicable
source,101717,normal,normal,0,not_applicable
source,103612,normal,normal,0,not_applicable
source,56580,neptune,dos,1,not_applicable
source,118567,neptune,dos,1,not_applicable
source,113230,normal,normal,0,not_applicable
source,56582,neptune,dos,1,not_applicable
source,41932,normal,normal,0,not_applicable
source,6248,normal,normal,0,not_applicable
source,107204,normal,normal,0,not_applicable
source,3002,neptune,dos,1,not_applicable
source,103953,normal,normal,0,not_applicable
source,15027,normal,normal,0,not_applicable
source,77135,normal,normal,0,not_applicable
source,93456,neptune,dos,1,not_applicable
source,46543,normal,normal,0,not_applicable
source,2867,neptune,dos,1,not_applicable
source,44683,neptune,dos,1,not_applicable
source,6324,normal,normal,0,not_applicable
source,68633,normal,normal,0,not_applicable
source,5505,normal,normal,0,not_applicable
source,77635,normal,normal,0,not_applicable
source,51344,normal,normal,0,not_applicable
source,13044,normal,normal,0,not_applicable
source,80175,normal,normal,0,not_applicable
source,124096,normal,normal,0,not_applicable
source,46952,normal,normal,0,not_applicable
source,24214,neptune,dos,1,not_applicable
source,39421,normal,normal,0,not_applicable
source,112835,smurf,dos,1,not_applicable
source,83355,neptune,dos,1,not_applicable
source,101784,neptune,dos,1,not_applicable
source,73994,normal,normal,0,not_applicable
source,124561,normal,normal,0,not_applicable
source,18287,normal,normal,0,not_applicable
source,44187,normal,normal,0,not_applicable
source,46951,neptune,dos,1,not_applicable
source,121904,neptune,dos,1,not_applicable
source,101411,normal,normal,0,not_applicable
source,24386,neptune,dos,1,not_applicable
source,17382,normal,normal,0,not_applicable
source,99723,normal,normal,0,not_applicable
source,35138,normal,normal,0,not_applicable
source,80984,normal,normal,0,not_applicable
source,13164,normal,normal,0,not_applicable
source,17080,normal,normal,0,not_applicable
source,107569,neptune,dos,1,not_applicable
source,68589,normal,normal,0,not_applicable
source,51906,normal,normal,0,not_applicable
source,92017,normal,normal,0,not_applicable
source,39619,teardrop,dos,1,not_applicable
source,15040,normal,normal,0,not_applicable
source,87755,normal,normal,0,not_applicable
source,121404,normal,normal,0,not_applicable
source,80028,neptune,dos,1,not_applicable
source,2688,normal,normal,0,not_applicable
source,22863,neptune,dos,1,not_applicable
source,30248,normal,normal,0,not_applicable
source,61712,neptune,dos,1,not_applicable
source,116590,smurf,dos,1,not_applicable
source,14500,neptune,dos,1,not_applicable
source,61726,normal,normal,0,not_applicable
source,58541,neptune,dos,1,not_applicable
source,89339,normal,normal,0,not_applicable
source,121379,neptune,dos,1,not_applicable
source,38627,neptune,dos,1,not_applicable
source,7327,normal,normal,0,not_applicable
source,4028,normal,normal,0,not_applicable
source,66675,neptune,dos,1,not_applicable
source,117708,neptune,dos,1,not_applicable
source,43440,neptune,dos,1,not_applicable
source,119755,neptune,dos,1,not_applicable
source,33634,normal,normal,0,not_applicable
source,94126,neptune,dos,1,not_applicable
source,107186,back,dos,1,not_applicable
source,41841,normal,normal,0,not_applicable
source,119484,neptune,dos,1,not_applicable
source,22578,neptune,dos,1,not_applicable
source,9883,neptune,dos,1,not_applicable
source,36939,neptune,dos,1,not_applicable
source,18393,neptune,dos,1,not_applicable
source,47328,normal,normal,0,not_applicable
source,52432,neptune,dos,1,not_applicable
source,92087,neptune,dos,1,not_applicable
source,122014,neptune,dos,1,not_applicable
source,41926,normal,normal,0,not_applicable
source,82931,normal,normal,0,not_applicable
source,70630,neptune,dos,1,not_applicable
source,10468,normal,normal,0,not_applicable
source,55200,neptune,dos,1,not_applicable
source,59322,normal,normal,0,not_applicable
source,53145,neptune,dos,1,not_applicable
source,19125,back,dos,1,not_applicable
source,68496,normal,normal,0,not_applicable
source,25284,normal,normal,0,not_applicable
source,19828,normal,normal,0,not_applicable
source,86128,normal,normal,0,not_applicable
source,94583,normal,normal,0,not_applicable
source,43483,normal,normal,0,not_applicable
source,108751,pod,dos,1,not_applicable
source,5985,neptune,dos,1,not_applicable
source,78767,neptune,dos,1,not_applicable
source,47807,normal,normal,0,not_applicable
source,98408,neptune,dos,1,not_applicable
source,18654,neptune,dos,1,not_applicable
source,76477,neptune,dos,1,not_applicable
source,25639,normal,normal,0,not_applicable
source,36302,normal,normal,0,not_applicable
source,114577,normal,normal,0,not_applicable
source,110021,normal,normal,0,not_applicable
source,117362,normal,normal,0,not_applicable
source,108439,normal,normal,0,not_applicable
source,70192,neptune,dos,1,not_applicable
source,9732,normal,normal,0,not_applicable
source,124231,smurf,dos,1,not_applicable
source,73945,neptune,dos,1,not_applicable
source,123166,normal,normal,0,not_applicable
source,24820,neptune,dos,1,not_applicable
source,91157,neptune,dos,1,not_applicable
source,1224,smurf,dos,1,not_applicable
source,25330,neptune,dos,1,not_applicable
source,55591,normal,normal,0,not_applicable
source,26604,neptune,dos,1,not_applicable
source,97967,normal,normal,0,not_applicable
source,119040,neptune,dos,1,not_applicable
source,24093,neptune,dos,1,not_applicable
source,14314,normal,normal,0,not_applicable
source,91609,neptune,dos,1,not_applicable
source,73326,normal,normal,0,not_applicable
source,91552,normal,normal,0,not_applicable
source,24650,normal,normal,0,not_applicable
source,90174,normal,normal,0,not_applicable
source,90766,back,dos,1,not_applicable
source,47496,normal,normal,0,not_applicable
source,97875,neptune,dos,1,not_applicable
source,99223,normal,normal,0,not_applicable
source,6312,neptune,dos,1,not_applicable
source,102286,normal,normal,0,not_applicable
source,70735,normal,normal,0,not_applicable
source,106462,neptune,dos,1,not_applicable
source,78738,neptune,dos,1,not_applicable
source,77170,neptune,dos,1,not_applicable
source,111385,normal,normal,0,not_applicable
source,78030,normal,normal,0,not_applicable
source,59842,normal,normal,0,not_applicable
source,51952,neptune,dos,1,not_applicable
source,57527,neptune,dos,1,not_applicable
source,81604,normal,normal,0,not_applicable
source,106989,neptune,dos,1,not_applicable
source,357,normal,normal,0,not_applicable
source,114184,neptune,dos,1,not_applicable
source,6964,neptune,dos,1,not_applicable
source,72544,normal,normal,0,not_applicable
source,47397,neptune,dos,1,not_applicable
source,15746,normal,normal,0,not_applicable
source,9914,normal,normal,0,not_applicable
source,83475,neptune,dos,1,not_applicable
source,81362,neptune,dos,1,not_applicable
source,94715,neptune,dos,1,not_applicable
source,6417,normal,normal,0,not_applicable
source,101510,neptune,dos,1,not_applicable
source,15682,neptune,dos,1,not_applicable
source,19474,normal,normal,0,not_applicable
source,25805,neptune,dos,1,not_applicable
source,56655,normal,normal,0,not_applicable
source,58044,normal,normal,0,not_applicable
source,43339,neptune,dos,1,not_applicable
source,55033,normal,normal,0,not_applicable
source,55118,normal,normal,0,not_applicable
source,54913,neptune,dos,1,not_applicable
source,80714,neptune,dos,1,not_applicable
source,12572,normal,normal,0,not_applicable
source,73084,normal,normal,0,not_applicable
source,76675,normal,normal,0,not_applicable
source,9438,neptune,dos,1,not_applicable
source,65020,normal,normal,0,not_applicable
source,31588,neptune,dos,1,not_applicable
source,104828,neptune,dos,1,not_applicable
source,68713,neptune,dos,1,not_applicable
source,21530,neptune,dos,1,not_applicable
source,109232,neptune,dos,1,not_applicable
source,10681,normal,normal,0,not_applicable
source,119874,normal,normal,0,not_applicable
source,14272,neptune,dos,1,not_applicable
source,31462,normal,normal,0,not_applicable
source,66623,normal,normal,0,not_applicable
source,27914,normal,normal,0,not_applicable
source,15379,normal,normal,0,not_applicable
source,49675,neptune,dos,1,not_applicable
source,38965,neptune,dos,1,not_applicable
source,15813,neptune,dos,1,not_applicable
source,125530,neptune,dos,1,not_applicable
source,55632,neptune,dos,1,not_applicable
source,78755,neptune,dos,1,not_applicable
source,94630,normal,normal,0,not_applicable
source,103364,neptune,dos,1,not_applicable
source,60882,normal,normal,0,not_applicable
source,99147,neptune,dos,1,not_applicable
source,30108,normal,normal,0,not_applicable
source,94269,neptune,dos,1,not_applicable
source,31481,neptune,dos,1,not_applicable
source,2862,neptune,dos,1,not_applicable
source,38095,normal,normal,0,not_applicable
source,27661,normal,normal,0,not_applicable
source,117615,normal,normal,0,not_applicable
source,115664,neptune,dos,1,not_applicable
source,36889,neptune,dos,1,not_applicable
source,45097,neptune,dos,1,not_applicable
source,29458,neptune,dos,1,not_applicable
source,96636,neptune,dos,1,not_applicable
source,28062,neptune,dos,1,not_applicable
source,75528,neptune,dos,1,not_applicable
source,125340,neptune,dos,1,not_applicable
source,23574,normal,normal,0,not_applicable
source,23774,neptune,dos,1,not_applicable
source,121592,normal,normal,0,not_applicable
source,46310,normal,normal,0,not_applicable
source,58820,neptune,dos,1,not_applicable
source,94237,neptune,dos,1,not_applicable
source,68060,neptune,dos,1,not_applicable
source,11394,normal,normal,0,not_applicable
source,103859,neptune,dos,1,not_applicable
source,52623,neptune,dos,1,not_applicable
source,31496,normal,normal,0,not_applicable
source,46457,back,dos,1,not_applicable
source,13727,neptune,dos,1,not_applicable
source,75802,neptune,dos,1,not_applicable
source,44188,normal,normal,0,not_applicable
source,81505,normal,normal,0,not_applicable
source,69986,teardrop,dos,1,not_applicable
source,4032,teardrop,dos,1,not_applicable
source,31436,smurf,dos,1,not_applicable
source,82615,normal,normal,0,not_applicable
source,119581,normal,normal,0,not_applicable
source,125663,neptune,dos,1,not_applicable
source,4106,neptune,dos,1,not_applicable
source,10998,normal,normal,0,not_applicable
source,83252,normal,normal,0,not_applicable
source,12355,back,dos,1,not_applicable
source,97285,normal,normal,0,not_applicable
source,70654,neptune,dos,1,not_applicable
source,78319,neptune,dos,1,not_applicable
source,30084,normal,normal,0,not_applicable
source,68539,normal,normal,0,not_applicable
source,15005,neptune,dos,1,not_applicable
source,123645,neptune,dos,1,not_applicable
source,47198,neptune,dos,1,not_applicable
source,82313,normal,normal,0,not_applicable
source,68329,smurf,dos,1,not_applicable
source,9044,normal,normal,0,not_applicable
source,81587,neptune,dos,1,not_applicable
source,90853,normal,normal,0,not_applicable
source,86594,normal,normal,0,not_applicable
source,16230,neptune,dos,1,not_applicable
source,12848,normal,normal,0,not_applicable
source,51175,normal,normal,0,not_applicable
source,3275,normal,normal,0,not_applicable
source,85401,neptune,dos,1,not_applicable
source,123065,normal,normal,0,not_applicable
source,24878,neptune,dos,1,not_applicable
source,11138,smurf,dos,1,not_applicable
source,25721,normal,normal,0,not_applicable
source,11674,neptune,dos,1,not_applicable
source,92356,normal,normal,0,not_applicable
source,120404,neptune,dos,1,not_applicable
source,109450,normal,normal,0,not_applicable
source,95921,normal,normal,0,not_applicable
source,74376,normal,normal,0,not_applicable
source,78700,normal,normal,0,not_applicable
source,85564,neptune,dos,1,not_applicable
source,5798,normal,normal,0,not_applicable
source,122268,normal,normal,0,not_applicable
source,55406,normal,normal,0,not_applicable
source,51408,neptune,dos,1,not_applicable
source,1337,normal,normal,0,not_applicable
source,101472,back,dos,1,not_applicable
source,102833,neptune,dos,1,not_applicable
source,62105,neptune,dos,1,not_applicable
source,56324,neptune,dos,1,not_applicable
source,762,normal,normal,0,not_applicable
source,56542,normal,normal,0,not_applicable
source,68814,smurf,dos,1,not_applicable
source,9428,normal,normal,0,not_applicable
source,2,neptune,dos,1,not_applicable
source,40366,teardrop,dos,1,not_applicable
source,48108,neptune,dos,1,not_applicable
source,78378,normal,normal,0,not_applicable
source,58673,neptune,dos,1,not_applicable
source,60315,teardrop,dos,1,not_applicable
source,113339,normal,normal,0,not_applicable
source,106631,normal,normal,0,not_applicable
source,47959,normal,normal,0,not_applicable
source,89062,pod,dos,1,not_applicable
source,42381,normal,normal,0,not_applicable
source,19899,normal,normal,0,not_applicable
source,32791,normal,normal,0,not_applicable
source,74951,neptune,dos,1,not_applicable
source,112409,normal,normal,0,not_applicable
source,16660,neptune,dos,1,not_applicable
source,83245,normal,normal,0,not_applicable
source,105952,neptune,dos,1,not_applicable
source,71718,neptune,dos,1,not_applicable
source,57127,normal,normal,0,not_applicable
source,70216,neptune,dos,1,not_applicable
source,97902,neptune,dos,1,not_applicable
source,23697,normal,normal,0,not_applicable
source,80513,normal,normal,0,not_applicable
source,6827,neptune,dos,1,not_applicable
source,98667,neptune,dos,1,not_applicable
source,38536,neptune,dos,1,not_applicable
source,17741,normal,normal,0,not_applicable
source,102086,normal,normal,0,not_applicable
source,107407,normal,normal,0,not_applicable
source,102957,normal,normal,0,not_applicable
source,114524,normal,normal,0,not_applicable
source,88375,neptune,dos,1,not_applicable
source,27195,neptune,dos,1,not_applicable
source,36872,neptune,dos,1,not_applicable
source,22171,normal,normal,0,not_applicable
source,80468,normal,normal,0,not_applicable
source,89144,neptune,dos,1,not_applicable
source,62672,normal,normal,0,not_applicable
source,79590,neptune,dos,1,not_applicable
source,65909,normal,normal,0,not_applicable
source,5811,neptune,dos,1,not_applicable
source,36309,normal,normal,0,not_applicable
source,63004,neptune,dos,1,not_applicable
source,124079,neptune,dos,1,not_applicable
source,96627,neptune,dos,1,not_applicable
source,69828,neptune,dos,1,not_applicable
source,78825,normal,normal,0,not_applicable
source,109591,neptune,dos,1,not_applicable
source,34242,normal,normal,0,not_applicable
source,103284,neptune,dos,1,not_applicable
source,57468,normal,normal,0,not_applicable
source,52968,normal,normal,0,not_applicable
source,18083,neptune,dos,1,not_applicable
source,102162,neptune,dos,1,not_applicable
source,116731,normal,normal,0,not_applicable
source,19798,normal,normal,0,not_applicable
source,73042,neptune,dos,1,not_applicable
source,121887,neptune,dos,1,not_applicable
source,119551,normal,normal,0,not_applicable
source,65641,normal,normal,0,not_applicable
source,97679,neptune,dos,1,not_applicable
source,1885,normal,normal,0,not_applicable
source,82237,normal,normal,0,not_applicable
source,62063,normal,normal,0,not_applicable
source,20352,neptune,dos,1,not_applicable
source,24937,neptune,dos,1,not_applicable
source,41375,normal,normal,0,not_applicable
source,45302,neptune,dos,1,not_applicable
source,89032,normal,normal,0,not_applicable
source,98657,normal,normal,0,not_applicable
source,7783,normal,normal,0,not_applicable
source,49728,neptune,dos,1,not_applicable
source,86560,normal,normal,0,not_applicable
source,70445,neptune,dos,1,not_applicable
source,42942,neptune,dos,1,not_applicable
source,104338,neptune,dos,1,not_applicable
source,14738,normal,normal,0,not_applicable
source,31104,normal,normal,0,not_applicable
source,91073,normal,normal,0,not_applicable
source,57795,neptune,dos,1,not_applicable
source,34607,neptune,dos,1,not_applicable
source,80268,normal,normal,0,not_applicable
source,93093,normal,normal,0,not_applicable
source,63815,neptune,dos,1,not_applicable
source,64169,neptune,dos,1,not_applicable
source,36999,normal,normal,0,not_applicable
source,64508,neptune,dos,1,not_applicable
source,5691,neptune,dos,1,not_applicable
source,56969,neptune,dos,1,not_applicable
source,13807,normal,normal,0,not_applicable
source,49286,back,dos,1,not_applicable
source,55812,neptune,dos,1,not_applicable
source,76945,smurf,dos,1,not_applicable
source,46681,normal,normal,0,not_applicable
source,5360,normal,normal,0,not_applicable
source,65476,normal,normal,0,not_applicable
source,71447,neptune,dos,1,not_applicable
source,34282,normal,normal,0,not_applicable
source,123769,normal,normal,0,not_applicable
source,104714,neptune,dos,1,not_applicable
source,7570,normal,normal,0,not_applicable
source,71349,normal,normal,0,not_applicable
source,95602,neptune,dos,1,not_applicable
source,52478,normal,normal,0,not_applicable
source,29707,normal,normal,0,not_applicable
source,120282,neptune,dos,1,not_applicable
source,107999,back,dos,1,not_applicable
source,124699,normal,normal,0,not_applicable
source,80391,normal,normal,0,not_applicable
source,64565,normal,normal,0,not_applicable
source,25410,neptune,dos,1,not_applicable
source,42369,neptune,dos,1,not_applicable
source,91584,normal,normal,0,not_applicable
source,114592,normal,normal,0,not_applicable
source,68154,normal,normal,0,not_applicable
source,1696,normal,normal,0,not_applicable
source,71992,normal,normal,0,not_applicable
source,97077,normal,normal,0,not_applicable
source,96149,normal,normal,0,not_applicable
source,9082,neptune,dos,1,not_applicable
source,105261,neptune,dos,1,not_applicable
source,13975,normal,normal,0,not_applicable
source,51505,neptune,dos,1,not_applicable
source,52975,normal,normal,0,not_applicable
source,19145,normal,normal,0,not_applicable
source,86748,normal,normal,0,not_applicable
source,73811,normal,normal,0,not_applicable
source,17107,normal,normal,0,not_applicable
source,73829,neptune,dos,1,not_applicable
source,83843,normal,normal,0,not_applicable
source,40672,neptune,dos,1,not_applicable
source,104995,neptune,dos,1,not_applicable
source,100960,normal,normal,0,not_applicable
source,63173,normal,normal,0,not_applicable
source,29726,normal,normal,0,not_applicable
source,42464,normal,normal,0,not_applicable
source,786,normal,normal,0,not_applicable
source,50081,neptune,dos,1,not_applicable
source,83663,normal,normal,0,not_applicable
source,93244,normal,normal,0,not_applicable
source,32452,normal,normal,0,not_applicable
source,79871,normal,normal,0,not_applicable
source,57819,normal,normal,0,not_applicable
source,89020,normal,normal,0,not_applicable
source,123997,normal,normal,0,not_applicable
source,49656,neptune,dos,1,not_applicable
source,43678,neptune,dos,1,not_applicable
source,80089,neptune,dos,1,not_applicable
source,18995,neptune,dos,1,not_applicable
source,12677,normal,normal,0,not_applicable
source,34103,neptune,dos,1,not_applicable
source,112347,neptune,dos,1,not_applicable
source,94940,neptune,dos,1,not_applicable
source,115225,neptune,dos,1,not_applicable
source,59681,neptune,dos,1,not_applicable
source,60945,normal,normal,0,not_applicable
source,123440,normal,normal,0,not_applicable
source,54089,normal,normal,0,not_applicable
source,13213,normal,normal,0,not_applicable
source,27905,neptune,dos,1,not_applicable
source,49451,neptune,dos,1,not_applicable
source,100996,neptune,dos,1,not_applicable
source,37962,normal,normal,0,not_applicable
source,42973,neptune,dos,1,not_applicable
source,11751,neptune,dos,1,not_applicable
source,67304,smurf,dos,1,not_applicable
source,86590,neptune,dos,1,not_applicable
source,13007,neptune,dos,1,not_applicable
source,3438,smurf,dos,1,not_applicable
source,47263,normal,normal,0,not_applicable
source,57845,normal,normal,0,not_applicable
source,22043,neptune,dos,1,not_applicable
source,16297,neptune,dos,1,not_applicable
source,38558,neptune,dos,1,not_applicable
source,38167,normal,normal,0,not_applicable
source,77151,normal,normal,0,not_applicable
source,70344,normal,normal,0,not_applicable
source,17769,neptune,dos,1,not_applicable
source,62158,neptune,dos,1,not_applicable
source,59826,normal,normal,0,not_applicable
source,109235,normal,normal,0,not_applicable
source,37082,neptune,dos,1,not_applicable
source,45989,normal,normal,0,not_applicable
source,113874,normal,normal,0,not_applicable
source,62839,normal,normal,0,not_applicable
source,3078,neptune,dos,1,not_applicable
source,112015,normal,normal,0,not_applicable
source,114773,normal,normal,0,not_applicable
source,74680,normal,normal,0,not_applicable
source,75165,normal,normal,0,not_applicable
source,81152,neptune,dos,1,not_applicable
source,10663,neptune,dos,1,not_applicable
source,89528,normal,normal,0,not_applicable
source,107820,normal,normal,0,not_applicable
source,112603,neptune,dos,1,not_applicable
source,71039,normal,normal,0,not_applicable
source,78058,normal,normal,0,not_applicable
source,79790,normal,normal,0,not_applicable
source,12320,normal,normal,0,not_applicable
source,43448,normal,normal,0,not_applicable
source,93650,neptune,dos,1,not_applicable
source,101483,normal,normal,0,not_applicable
source,9628,normal,normal,0,not_applicable
source,32584,neptune,dos,1,not_applicable
source,9339,teardrop,dos,1,not_applicable
source,80946,normal,normal,0,not_applicable
source,83560,normal,normal,0,not_applicable
source,10007,normal,normal,0,not_applicable
source,16242,neptune,dos,1,not_applicable
source,121933,normal,normal,0,not_applicable
source,118557,normal,normal,0,not_applicable
source,104993,normal,normal,0,not_applicable
source,110420,neptune,dos,1,not_applicable
source,111914,neptune,dos,1,not_applicable
source,103891,neptune,dos,1,not_applicable
source,48825,normal,normal,0,not_applicable
source,50762,normal,normal,0,not_applicable
source,107512,neptune,dos,1,not_applicable
source,103720,neptune,dos,1,not_applicable
source,2468,normal,normal,0,not_applicable
source,92089,neptune,dos,1,not_applicable
source,23796,normal,normal,0,not_applicable
source,45349,normal,normal,0,not_applicable
source,25150,normal,normal,0,not_applicable
source,75181,neptune,dos,1,not_applicable
source,49441,normal,normal,0,not_applicable
source,35006,neptune,dos,1,not_applicable
source,115879,neptune,dos,1,not_applicable
source,92692,neptune,dos,1,not_applicable
source,54217,neptune,dos,1,not_applicable
source,114743,neptune,dos,1,not_applicable
source,102560,neptune,dos,1,not_applicable
source,124062,smurf,dos,1,not_applicable
source,67968,normal,normal,0,not_applicable
target,72785,normal,normal,0,validation
target,54191,ipsweep,probe,1,validation
target,32311,satan,probe,1,test
target,114985,ipsweep,probe,1,test
target,119961,normal,normal,0,test
target,41866,normal,normal,0,test
target,29912,portsweep,probe,1,test
target,48139,portsweep,probe,1,test
target,102784,normal,normal,0,validation
target,100041,normal,normal,0,validation
target,93721,ipsweep,probe,1,test
target,12030,satan,probe,1,validation
target,82067,normal,normal,0,test
target,125044,normal,normal,0,test
target,63240,normal,normal,0,test
target,11180,portsweep,probe,1,validation
target,88363,normal,normal,0,test
target,73454,normal,normal,0,validation
target,47890,portsweep,probe,1,test
target,11809,normal,normal,0,validation
target,1619,ipsweep,probe,1,validation
target,1391,ipsweep,probe,1,validation
target,120401,satan,probe,1,validation
target,95657,normal,normal,0,validation
target,34722,normal,normal,0,test
target,102108,normal,normal,0,test
target,52117,normal,normal,0,test
target,60019,normal,normal,0,test
target,19357,normal,normal,0,test
target,88731,ipsweep,probe,1,validation
target,29551,portsweep,probe,1,test
target,43486,portsweep,probe,1,validation
target,16320,nmap,probe,1,validation
target,58016,normal,normal,0,test
target,19741,ipsweep,probe,1,test
target,92631,portsweep,probe,1,test
target,68583,satan,probe,1,test
target,67182,portsweep,probe,1,test
target,108208,portsweep,probe,1,test
target,99179,portsweep,probe,1,test
target,30734,normal,normal,0,test
target,64340,normal,normal,0,validation
target,93163,normal,normal,0,test
target,123412,normal,normal,0,validation
target,1539,normal,normal,0,test
target,36133,satan,probe,1,test
target,4905,ipsweep,probe,1,test
target,92235,satan,probe,1,test
target,91734,normal,normal,0,validation
target,88193,nmap,probe,1,test
target,124994,normal,normal,0,test
target,16686,normal,normal,0,test
target,101573,normal,normal,0,test
target,58780,satan,probe,1,validation
target,17552,nmap,probe,1,test
target,6348,normal,normal,0,test
target,68927,normal,normal,0,test
target,58828,normal,normal,0,test
target,8663,ipsweep,probe,1,test
target,91078,normal,normal,0,validation
target,113123,normal,normal,0,test
target,117960,ipsweep,probe,1,validation
target,57234,nmap,probe,1,validation
target,74112,satan,probe,1,validation
target,124865,normal,normal,0,test
target,42905,ipsweep,probe,1,test
target,71394,normal,normal,0,validation
target,40401,normal,normal,0,test
target,65053,normal,normal,0,test
target,67196,normal,normal,0,test
target,20791,normal,normal,0,test
target,18874,normal,normal,0,validation
target,91636,satan,probe,1,test
target,124599,satan,probe,1,validation
target,119129,portsweep,probe,1,validation
target,69261,satan,probe,1,test
target,661,satan,probe,1,validation
target,101801,normal,normal,0,test
target,95734,satan,probe,1,test
target,118812,normal,normal,0,test
target,23928,satan,probe,1,validation
target,21044,ipsweep,probe,1,test
target,112704,normal,normal,0,test
target,58435,normal,normal,0,test
target,119876,portsweep,probe,1,test
target,31518,portsweep,probe,1,test
target,14462,satan,probe,1,test
target,32076,satan,probe,1,validation
target,54587,portsweep,probe,1,test
target,96005,normal,normal,0,test
target,40518,nmap,probe,1,validation
target,116604,normal,normal,0,test
target,107690,ipsweep,probe,1,test
target,34844,satan,probe,1,test
target,102481,portsweep,probe,1,test
target,109024,satan,probe,1,test
target,65134,normal,normal,0,test
target,26050,normal,normal,0,test
target,97786,satan,probe,1,test
target,86572,satan,probe,1,test
target,44235,normal,normal,0,test
target,101922,normal,normal,0,test
target,23912,satan,probe,1,test
target,66581,normal,normal,0,test
target,79695,satan,probe,1,validation
target,54060,normal,normal,0,test
target,58624,normal,normal,0,validation
target,92322,satan,probe,1,test
target,68157,normal,normal,0,validation
target,103809,normal,normal,0,test
target,23402,ipsweep,probe,1,test
target,507,ipsweep,probe,1,test
target,95543,satan,probe,1,validation
target,45526,portsweep,probe,1,test
target,24906,normal,normal,0,test
target,37733,normal,normal,0,test
target,4620,portsweep,probe,1,validation
target,109008,normal,normal,0,test
target,116942,satan,probe,1,test
target,25736,nmap,probe,1,validation
target,91258,normal,normal,0,test
target,91370,nmap,probe,1,test
target,67342,normal,normal,0,test
target,57765,normal,normal,0,test
target,24886,normal,normal,0,validation
target,79087,normal,normal,0,test
target,50213,normal,normal,0,validation
target,3469,satan,probe,1,test
target,116086,satan,probe,1,test
target,15644,satan,probe,1,test
target,87062,normal,normal,0,validation
target,80440,portsweep,probe,1,test
target,66139,satan,probe,1,test
target,16651,normal,normal,0,validation
target,11836,ipsweep,probe,1,validation
target,109852,normal,normal,0,validation
target,38970,portsweep,probe,1,test
target,84903,normal,normal,0,validation
target,113995,normal,normal,0,validation
target,102372,satan,probe,1,validation
target,114704,normal,normal,0,test
target,37318,normal,normal,0,validation
target,84753,ipsweep,probe,1,test
target,12917,ipsweep,probe,1,test
target,84184,nmap,probe,1,validation
target,78561,satan,probe,1,validation
target,87109,portsweep,probe,1,test
target,122909,normal,normal,0,test
target,94970,normal,normal,0,test
target,74832,satan,probe,1,test
target,68554,satan,probe,1,test
target,39774,normal,normal,0,test
target,11860,normal,normal,0,test
target,6100,nmap,probe,1,test
target,47591,portsweep,probe,1,validation
target,27834,ipsweep,probe,1,test
target,93247,normal,normal,0,test
target,16026,satan,probe,1,test
target,121799,nmap,probe,1,test
target,9480,normal,normal,0,validation
target,92202,normal,normal,0,validation
target,28331,normal,normal,0,test
target,2274,satan,probe,1,validation
target,54103,normal,normal,0,test
target,54762,normal,normal,0,test
target,4169,normal,normal,0,test
target,125236,normal,normal,0,test
target,69764,nmap,probe,1,test
target,8235,satan,probe,1,test
target,55526,ipsweep,probe,1,test
target,4,normal,normal,0,test
target,16368,ipsweep,probe,1,test
target,32426,normal,normal,0,test
target,4160,normal,normal,0,validation
target,114555,normal,normal,0,test
target,92857,normal,normal,0,test
target,124340,portsweep,probe,1,validation
target,62366,normal,normal,0,test
target,34627,satan,probe,1,test
target,111096,satan,probe,1,test
target,56406,satan,probe,1,test
target,92675,satan,probe,1,test
target,75144,normal,normal,0,test
target,59309,normal,normal,0,validation
target,80750,normal,normal,0,test
target,104269,normal,normal,0,test
target,63948,normal,normal,0,test
target,14344,portsweep,probe,1,test
target,91872,normal,normal,0,test
target,101874,nmap,probe,1,test
target,73509,portsweep,probe,1,test
target,99884,nmap,probe,1,test
target,2964,normal,normal,0,test
target,34110,satan,probe,1,test
target,107751,normal,normal,0,test
target,52804,normal,normal,0,validation
target,16211,normal,normal,0,test
target,63033,normal,normal,0,test
target,119295,normal,normal,0,validation
target,1988,normal,normal,0,validation
target,65912,normal,normal,0,validation
target,39280,nmap,probe,1,test
target,50940,nmap,probe,1,test
target,118470,ipsweep,probe,1,test
target,5761,normal,normal,0,test
target,115730,normal,normal,0,test
target,11704,normal,normal,0,validation
target,40025,normal,normal,0,test
target,4461,normal,normal,0,test
target,98853,normal,normal,0,test
target,11516,satan,probe,1,validation
target,102089,normal,normal,0,test
target,123838,normal,normal,0,test
target,27149,normal,normal,0,test
target,76210,normal,normal,0,validation
target,60765,normal,normal,0,validation
target,49155,satan,probe,1,test
target,11907,ipsweep,probe,1,validation
target,87907,normal,normal,0,test
target,30983,normal,normal,0,test
target,47657,normal,normal,0,test
target,10260,ipsweep,probe,1,test
target,125696,ipsweep,probe,1,validation
target,56530,normal,normal,0,validation
target,86228,nmap,probe,1,test
target,55176,portsweep,probe,1,validation
target,80336,portsweep,probe,1,test
target,69796,normal,normal,0,test
target,61803,portsweep,probe,1,test
target,17078,portsweep,probe,1,test
target,87269,nmap,probe,1,test
target,105346,satan,probe,1,test
target,116582,normal,normal,0,test
target,85893,normal,normal,0,test
target,83330,portsweep,probe,1,test
target,34152,normal,normal,0,validation
target,67339,normal,normal,0,test
target,91374,normal,normal,0,test
target,59673,satan,probe,1,test
target,44076,satan,probe,1,test
target,52722,normal,normal,0,test
target,14307,normal,normal,0,validation
target,111434,satan,probe,1,test
target,124863,ipsweep,probe,1,test
target,54064,normal,normal,0,test
target,114014,normal,normal,0,test
target,79784,normal,normal,0,validation
target,20424,normal,normal,0,validation
target,26886,portsweep,probe,1,test
target,87714,nmap,probe,1,test
target,111551,normal,normal,0,test
target,36636,normal,normal,0,test
target,44331,satan,probe,1,test
target,32481,satan,probe,1,test
target,89346,normal,normal,0,test
target,11458,ipsweep,probe,1,test
target,18238,ipsweep,probe,1,validation
target,20187,normal,normal,0,validation
target,110246,ipsweep,probe,1,validation
target,32914,ipsweep,probe,1,test
target,117630,normal,normal,0,validation
target,62087,satan,probe,1,test
target,56615,normal,normal,0,test
target,45198,normal,normal,0,test
target,114406,normal,normal,0,test
target,30117,normal,normal,0,validation
target,118027,nmap,probe,1,test
target,67294,nmap,probe,1,test
target,31960,normal,normal,0,test
target,83318,normal,normal,0,test
target,116237,portsweep,probe,1,validation
target,89500,normal,normal,0,test
target,96437,normal,normal,0,test
target,94180,normal,normal,0,test
target,19268,ipsweep,probe,1,test
target,69929,ipsweep,probe,1,test
target,109504,normal,normal,0,validation
target,75434,portsweep,probe,1,test
target,7962,normal,normal,0,test
target,121883,portsweep,probe,1,validation
target,28675,normal,normal,0,validation
target,7600,normal,normal,0,test
target,47917,normal,normal,0,test
target,18668,normal,normal,0,test
target,64839,ipsweep,probe,1,test
target,9921,satan,probe,1,test
target,19729,nmap,probe,1,test
target,100165,satan,probe,1,test
target,94412,normal,normal,0,test
target,98190,normal,normal,0,test
target,19389,normal,normal,0,test
target,30292,ipsweep,probe,1,test
target,110784,portsweep,probe,1,test
target,104988,portsweep,probe,1,test
target,59473,satan,probe,1,test
target,31044,portsweep,probe,1,validation
target,103056,ipsweep,probe,1,test
target,102471,ipsweep,probe,1,validation
target,86711,ipsweep,probe,1,test
target,87613,satan,probe,1,test
target,53567,satan,probe,1,validation
target,77023,normal,normal,0,test
target,8178,portsweep,probe,1,test
target,61732,normal,normal,0,test
target,101463,ipsweep,probe,1,test
target,121415,normal,normal,0,validation
target,64047,normal,normal,0,test
target,123281,ipsweep,probe,1,test
target,3781,nmap,probe,1,test
target,17797,portsweep,probe,1,test
target,114647,normal,normal,0,test
target,78526,normal,normal,0,test
target,74143,normal,normal,0,test
target,82576,normal,normal,0,test
target,45547,satan,probe,1,test
target,18791,normal,normal,0,test
target,14342,normal,normal,0,test
target,124963,satan,probe,1,test
target,103412,satan,probe,1,test
target,36765,ipsweep,probe,1,test
target,53732,normal,normal,0,validation
target,1494,portsweep,probe,1,test
target,102300,normal,normal,0,test
target,82688,normal,normal,0,validation
target,44446,satan,probe,1,test
target,31755,ipsweep,probe,1,test
target,122630,satan,probe,1,validation
target,57469,satan,probe,1,test
target,93303,normal,normal,0,test
target,11122,ipsweep,probe,1,test
target,116670,normal,normal,0,validation
target,79721,normal,normal,0,validation
target,102629,normal,normal,0,test
target,109143,ipsweep,probe,1,test
target,117649,satan,probe,1,test
target,87197,normal,normal,0,validation
target,112204,normal,normal,0,validation
target,122047,nmap,probe,1,test
target,94576,portsweep,probe,1,test
target,19885,satan,probe,1,test
target,59402,normal,normal,0,validation
target,15656,normal,normal,0,test
target,61004,normal,normal,0,validation
target,32158,ipsweep,probe,1,test
target,53634,ipsweep,probe,1,test
target,74721,satan,probe,1,validation
target,58610,normal,normal,0,test
target,64690,normal,normal,0,test
target,121811,normal,normal,0,test
target,123253,satan,probe,1,test
target,119816,normal,normal,0,test
target,117131,normal,normal,0,test
target,14370,normal,normal,0,test
target,17931,normal,normal,0,validation
target,4439,satan,probe,1,test
target,84775,normal,normal,0,test
target,115489,ipsweep,probe,1,validation
target,89121,normal,normal,0,test
target,74436,normal,normal,0,test
target,88159,ipsweep,probe,1,validation
target,100626,normal,normal,0,validation
target,93716,normal,normal,0,test
target,100816,normal,normal,0,test
target,67044,normal,normal,0,test
target,12275,normal,normal,0,test
target,43683,normal,normal,0,test
target,111431,satan,probe,1,test
target,16621,normal,normal,0,test
target,59907,satan,probe,1,test
target,85747,normal,normal,0,validation
target,20054,normal,normal,0,test
target,53536,ipsweep,probe,1,test
target,108720,normal,normal,0,test
target,54143,satan,probe,1,test
target,25207,ipsweep,probe,1,test
target,60710,normal,normal,0,test
target,3908,nmap,probe,1,validation
target,7753,satan,probe,1,test
target,63423,normal,normal,0,validation
target,92121,normal,normal,0,test
target,29343,normal,normal,0,validation
target,8939,nmap,probe,1,test
target,25290,satan,probe,1,test
target,124154,satan,probe,1,validation
target,90535,portsweep,probe,1,test
target,5383,normal,normal,0,test
target,32216,ipsweep,probe,1,test
target,110122,satan,probe,1,test
target,106213,normal,normal,0,test
target,59272,satan,probe,1,test
target,71185,normal,normal,0,validation
target,39095,normal,normal,0,test
target,104045,normal,normal,0,test
target,25727,ipsweep,probe,1,test
target,97500,normal,normal,0,test
target,17984,normal,normal,0,validation
target,44560,normal,normal,0,test
target,17550,normal,normal,0,test
target,89115,normal,normal,0,test
target,108248,normal,normal,0,validation
target,95989,normal,normal,0,test
target,11186,normal,normal,0,validation
target,98901,normal,normal,0,test
target,69550,satan,probe,1,test
target,23455,normal,normal,0,validation
target,6935,normal,normal,0,test
target,21242,nmap,probe,1,test
target,122794,satan,probe,1,test
target,79872,ipsweep,probe,1,validation
target,43069,normal,normal,0,validation
target,32262,normal,normal,0,test
target,20752,normal,normal,0,test
target,47017,nmap,probe,1,test
target,25616,portsweep,probe,1,test
target,120805,portsweep,probe,1,test
target,25521,portsweep,probe,1,test
target,82279,normal,normal,0,test
target,24563,nmap,probe,1,validation
target,19333,normal,normal,0,test
target,25381,normal,normal,0,test
target,117625,satan,probe,1,test
target,17476,normal,normal,0,test
target,41473,portsweep,probe,1,test
target,79586,satan,probe,1,test
target,31138,normal,normal,0,validation
target,101501,normal,normal,0,test
target,52237,normal,normal,0,validation
target,92293,normal,normal,0,validation
target,100675,ipsweep,probe,1,test
target,105611,satan,probe,1,test
target,33087,portsweep,probe,1,test
target,52996,ipsweep,probe,1,test
target,2474,ipsweep,probe,1,test
target,18547,ipsweep,probe,1,test
target,52810,portsweep,probe,1,validation
target,53809,normal,normal,0,validation
target,48955,satan,probe,1,validation
target,76626,satan,probe,1,test
target,7025,normal,normal,0,test
target,61619,portsweep,probe,1,validation
target,47502,normal,normal,0,test
target,47073,normal,normal,0,test
target,71182,satan,probe,1,validation
target,102624,normal,normal,0,test
target,92287,normal,normal,0,test
target,79248,ipsweep,probe,1,validation
target,17470,normal,normal,0,validation
target,95618,normal,normal,0,test
target,92544,satan,probe,1,test
target,81642,normal,normal,0,test
target,28101,normal,normal,0,validation
target,70254,ipsweep,probe,1,test
target,36367,satan,probe,1,test
target,74773,nmap,probe,1,test
target,4005,normal,normal,0,test
target,67337,normal,normal,0,test
target,107927,ipsweep,probe,1,test
target,28684,ipsweep,probe,1,test
target,111345,normal,normal,0,validation
target,69902,normal,normal,0,test
target,90080,satan,probe,1,test
target,75960,satan,probe,1,validation
target,1743,normal,normal,0,test
target,86188,normal,normal,0,test
target,120886,normal,normal,0,test
target,26478,normal,normal,0,test
target,49707,ipsweep,probe,1,test
target,24601,portsweep,probe,1,test
target,122861,portsweep,probe,1,validation
target,21231,ipsweep,probe,1,validation
target,43399,nmap,probe,1,test
target,41750,normal,normal,0,validation
target,22885,nmap,probe,1,validation
target,60374,nmap,probe,1,test
target,20967,normal,normal,0,test
target,101979,nmap,probe,1,test
target,62912,normal,normal,0,test
target,100527,normal,normal,0,validation
target,57121,satan,probe,1,test
target,99189,portsweep,probe,1,test
target,35800,ipsweep,probe,1,test
target,10064,ipsweep,probe,1,test
target,23762,normal,normal,0,test
target,7677,satan,probe,1,test
target,6148,satan,probe,1,test
target,5116,satan,probe,1,test
target,85489,ipsweep,probe,1,test
target,85040,satan,probe,1,test
target,8245,portsweep,probe,1,test
target,2214,normal,normal,0,validation
target,79674,normal,normal,0,test
target,9658,normal,normal,0,test
target,47785,portsweep,probe,1,test
target,99184,normal,normal,0,test
target,37961,ipsweep,probe,1,test
target,52323,normal,normal,0,test
target,52667,normal,normal,0,validation
target,84910,ipsweep,probe,1,test
target,87553,normal,normal,0,test
target,36497,satan,probe,1,test
target,106386,normal,normal,0,test
target,119615,satan,probe,1,validation
target,122602,normal,normal,0,validation
target,14997,normal,normal,0,validation
target,62811,ipsweep,probe,1,validation
target,52703,normal,normal,0,test
target,36638,normal,normal,0,test
target,101125,ipsweep,probe,1,test
target,78484,normal,normal,0,validation
target,40927,normal,normal,0,test
target,18490,portsweep,probe,1,test
target,83678,normal,normal,0,validation
target,21594,normal,normal,0,test
target,13325,normal,normal,0,test
target,78222,normal,normal,0,test
target,32129,normal,normal,0,validation
target,120939,normal,normal,0,test
target,49391,satan,probe,1,validation
target,17449,ipsweep,probe,1,test
target,11636,normal,normal,0,test
target,30024,normal,normal,0,test
target,44711,nmap,probe,1,validation
target,70087,ipsweep,probe,1,test
target,56102,portsweep,probe,1,test
target,72541,ipsweep,probe,1,validation
target,50363,nmap,probe,1,test
target,90474,ipsweep,probe,1,validation
target,57254,normal,normal,0,test
target,4982,normal,normal,0,test
target,79497,normal,normal,0,test
target,58515,normal,normal,0,test
target,35537,normal,normal,0,test
target,87056,normal,normal,0,test
target,55622,portsweep,probe,1,test
target,64165,satan,probe,1,validation
target,23576,portsweep,probe,1,test
target,77256,portsweep,probe,1,validation
target,46802,normal,normal,0,validation
target,13592,normal,normal,0,test
target,10326,normal,normal,0,test
target,43401,satan,probe,1,validation
target,104934,portsweep,probe,1,test
target,12828,normal,normal,0,test
target,4885,normal,normal,0,test
target,80944,normal,normal,0,validation
target,61638,normal,normal,0,validation
target,97799,normal,normal,0,test
target,53632,normal,normal,0,test
target,98963,normal,normal,0,test
target,25435,normal,normal,0,validation
target,2616,normal,normal,0,test
target,26015,portsweep,probe,1,test
target,9999,ipsweep,probe,1,validation
target,66240,normal,normal,0,test
target,34983,normal,normal,0,test
target,47656,normal,normal,0,validation
target,8344,ipsweep,probe,1,validation
target,8529,normal,normal,0,test
target,64273,portsweep,probe,1,test
target,76703,normal,normal,0,test
target,91750,portsweep,probe,1,validation
target,17854,normal,normal,0,test
target,95697,satan,probe,1,test
target,97616,ipsweep,probe,1,test
target,6618,normal,normal,0,test
target,66205,normal,normal,0,test
target,32848,portsweep,probe,1,test
target,91544,nmap,probe,1,test
target,35247,portsweep,probe,1,validation
target,41246,normal,normal,0,test
target,76002,satan,probe,1,test
target,93467,normal,normal,0,validation
target,52951,portsweep,probe,1,test
target,69616,satan,probe,1,test
target,109112,normal,normal,0,test
target,115224,ipsweep,probe,1,test
target,15080,satan,probe,1,test
target,96955,normal,normal,0,test
target,15837,nmap,probe,1,test
target,84611,ipsweep,probe,1,test
target,13513,satan,probe,1,test
target,21455,satan,probe,1,test
target,29462,portsweep,probe,1,test
target,111523,normal,normal,0,test
target,17389,portsweep,probe,1,test
target,73652,satan,probe,1,validation
target,50256,normal,normal,0,test
target,5068,normal,normal,0,test
target,32812,normal,normal,0,test
target,123001,normal,normal,0,test
target,61688,normal,normal,0,test
target,8869,portsweep,probe,1,validation
target,66353,ipsweep,probe,1,test
target,2350,nmap,probe,1,test
target,14289,portsweep,probe,1,validation
target,72850,ipsweep,probe,1,test
target,64513,nmap,probe,1,test
target,1302,ipsweep,probe,1,test
target,71867,ipsweep,probe,1,test
target,120155,portsweep,probe,1,test
target,108668,portsweep,probe,1,validation
target,12265,satan,probe,1,test
target,39186,ipsweep,probe,1,test
target,63615,normal,normal,0,test
target,31662,normal,normal,0,test
target,44230,ipsweep,probe,1,test
target,102418,ipsweep,probe,1,test
target,39999,portsweep,probe,1,test
target,3418,normal,normal,0,test
target,86787,portsweep,probe,1,validation
target,99049,portsweep,probe,1,test
target,120238,portsweep,probe,1,test
target,125221,normal,normal,0,test
target,26544,nmap,probe,1,test
target,85369,normal,normal,0,test
target,12902,normal,normal,0,test
target,100135,normal,normal,0,test
target,92808,satan,probe,1,test
target,25988,satan,probe,1,test
target,97983,normal,normal,0,validation
target,60067,satan,probe,1,validation
target,73923,satan,probe,1,test
target,70855,ipsweep,probe,1,test
target,73257,ipsweep,probe,1,test
target,69340,ipsweep,probe,1,test
target,25917,ipsweep,probe,1,test
target,18662,normal,normal,0,test
target,105246,satan,probe,1,test
target,33927,portsweep,probe,1,test
target,104412,ipsweep,probe,1,test
target,23341,portsweep,probe,1,test
target,47729,portsweep,probe,1,test
target,77148,normal,normal,0,test
target,19451,normal,normal,0,test
target,74643,ipsweep,probe,1,test
target,85593,satan,probe,1,test
target,109753,normal,normal,0,test
target,104144,normal,normal,0,test
target,43437,ipsweep,probe,1,validation
target,47818,ipsweep,probe,1,test
target,110998,nmap,probe,1,test
target,6482,normal,normal,0,test
target,105634,normal,normal,0,test
target,64648,normal,normal,0,validation
target,57538,normal,normal,0,validation
target,35934,normal,normal,0,test
target,124135,satan,probe,1,validation
target,105324,portsweep,probe,1,test
target,14454,normal,normal,0,test
target,64204,normal,normal,0,test
target,36463,ipsweep,probe,1,validation
target,99154,normal,normal,0,test
target,13661,normal,normal,0,test
target,93610,portsweep,probe,1,validation
target,68979,ipsweep,probe,1,test
target,99255,satan,probe,1,test
target,39184,normal,normal,0,test
target,54123,normal,normal,0,test
target,58796,normal,normal,0,test
target,81172,normal,normal,0,validation
target,64536,normal,normal,0,validation
target,105255,normal,normal,0,test
target,59643,normal,normal,0,test
target,56097,satan,probe,1,test
target,55760,portsweep,probe,1,validation
target,37597,normal,normal,0,test
target,72682,satan,probe,1,test
target,40346,nmap,probe,1,test
target,85770,satan,probe,1,test
target,102900,ipsweep,probe,1,test
target,106220,normal,normal,0,test
target,32748,ipsweep,probe,1,test
target,81850,nmap,probe,1,validation
target,34868,satan,probe,1,test
target,64620,ipsweep,probe,1,validation
target,5456,normal,normal,0,test
target,79005,satan,probe,1,validation
target,46176,normal,normal,0,test
target,119645,normal,normal,0,validation
target,40797,portsweep,probe,1,test
target,36306,normal,normal,0,test
target,117911,normal,normal,0,test
target,9247,nmap,probe,1,test
target,95693,normal,normal,0,validation
target,16097,nmap,probe,1,test
target,34341,normal,normal,0,test
target,27555,portsweep,probe,1,test
target,85554,normal,normal,0,test
target,81095,normal,normal,0,test
target,3129,normal,normal,0,test
target,29494,normal,normal,0,validation
target,102115,normal,normal,0,test
target,12063,nmap,probe,1,validation
target,78984,normal,normal,0,test
target,110202,ipsweep,probe,1,validation
target,53399,portsweep,probe,1,test
target,29921,normal,normal,0,validation
target,95450,normal,normal,0,test
target,17283,ipsweep,probe,1,test
target,62626,ipsweep,probe,1,validation
target,4877,normal,normal,0,test
target,79331,normal,normal,0,test
target,96771,normal,normal,0,validation
target,39025,normal,normal,0,validation
target,80794,satan,probe,1,test
target,35273,normal,normal,0,test
target,102980,normal,normal,0,validation
target,13512,ipsweep,probe,1,test
target,106138,normal,normal,0,test
target,65036,normal,normal,0,test
target,28532,normal,normal,0,test
target,92919,normal,normal,0,test
target,90243,nmap,probe,1,validation
target,58691,satan,probe,1,validation
target,96921,portsweep,probe,1,test
target,75535,satan,probe,1,test
target,51617,satan,probe,1,test
target,93790,satan,probe,1,validation
target,29657,portsweep,probe,1,validation
target,30276,satan,probe,1,test
target,11440,portsweep,probe,1,test
target,14406,normal,normal,0,test
target,27669,nmap,probe,1,test
target,97166,normal,normal,0,validation
target,25993,normal,normal,0,test
target,851,satan,probe,1,validation
target,57938,satan,probe,1,validation
target,105551,normal,normal,0,test
target,120688,normal,normal,0,test
target,12585,normal,normal,0,test
target,48265,ipsweep,probe,1,test
target,45256,ipsweep,probe,1,test
target,90956,normal,normal,0,test
target,6922,satan,probe,1,test
target,15236,normal,normal,0,test
target,62956,normal,normal,0,validation
target,45817,ipsweep,probe,1,test
target,56051,ipsweep,probe,1,test
target,64570,normal,normal,0,test
target,14980,satan,probe,1,validation
target,65006,satan,probe,1,test
target,80768,portsweep,probe,1,test
target,107701,normal,normal,0,test
target,51837,normal,normal,0,test
target,7971,normal,normal,0,test
target,111209,normal,normal,0,test
target,14054,normal,normal,0,test
target,24133,normal,normal,0,test
target,79310,nmap,probe,1,test
target,48710,portsweep,probe,1,test
target,5608,ipsweep,probe,1,test
target,113860,normal,normal,0,validation
target,1058,normal,normal,0,test
target,90648,satan,probe,1,test
target,39942,normal,normal,0,test
target,46138,normal,normal,0,validation
target,25557,portsweep,probe,1,test
target,76767,ipsweep,probe,1,validation
target,15485,ipsweep,probe,1,test
target,53182,normal,normal,0,validation
target,86246,ipsweep,probe,1,test
target,69280,nmap,probe,1,validation
target,35390,satan,probe,1,test
target,24881,normal,normal,0,test
target,115503,normal,normal,0,validation
target,52637,normal,normal,0,validation
target,98456,portsweep,probe,1,test
target,3760,portsweep,probe,1,validation
target,77536,nmap,probe,1,validation
target,117892,normal,normal,0,test
target,120108,portsweep,probe,1,test
target,121038,satan,probe,1,test
target,87214,normal,normal,0,test
target,29229,portsweep,probe,1,test
target,111773,ipsweep,probe,1,validation
target,33674,portsweep,probe,1,test
target,15198,normal,normal,0,test
target,101327,normal,normal,0,validation
target,105177,portsweep,probe,1,validation
target,90303,ipsweep,probe,1,test
target,32030,portsweep,probe,1,validation
target,66935,normal,normal,0,test
target,20689,normal,normal,0,test
target,88355,normal,normal,0,test
target,98152,satan,probe,1,validation
target,30222,ipsweep,probe,1,test
target,89192,portsweep,probe,1,test
target,118784,normal,normal,0,test
target,124399,ipsweep,probe,1,validation
target,42047,ipsweep,probe,1,test
target,83928,nmap,probe,1,test
target,62183,ipsweep,probe,1,validation
target,10133,normal,normal,0,validation
target,78367,normal,normal,0,validation
target,60707,normal,normal,0,validation
target,91522,normal,normal,0,test
target,50541,normal,normal,0,test
target,116719,portsweep,probe,1,test
target,92793,normal,normal,0,test
target,774,normal,normal,0,test
target,52384,normal,normal,0,test
target,110659,satan,probe,1,test
target,26987,portsweep,probe,1,test
target,46877,satan,probe,1,test
target,27034,ipsweep,probe,1,test
target,39255,satan,probe,1,test
target,96995,ipsweep,probe,1,test
target,43509,normal,normal,0,test
target,45092,portsweep,probe,1,test
target,12813,normal,normal,0,test
target,117719,normal,normal,0,test
target,61084,normal,normal,0,test
target,6580,normal,normal,0,test
target,16119,normal,normal,0,test
target,42157,portsweep,probe,1,test
target,50284,normal,normal,0,test
target,34631,normal,normal,0,validation
target,109960,portsweep,probe,1,validation
target,54237,normal,normal,0,test
target,84031,normal,normal,0,test
target,88259,portsweep,probe,1,test
target,124909,satan,probe,1,test
target,110074,normal,normal,0,test
target,63960,nmap,probe,1,test
target,28254,normal,normal,0,validation
target,100976,normal,normal,0,test
target,99286,normal,normal,0,test
target,2986,normal,normal,0,test
target,7499,normal,normal,0,validation
target,116941,satan,probe,1,test
target,59128,normal,normal,0,test
target,6920,ipsweep,probe,1,test
target,83092,satan,probe,1,test
target,114051,normal,normal,0,validation
target,47984,satan,probe,1,test
target,87731,normal,normal,0,test
target,85238,normal,normal,0,test
target,28832,normal,normal,0,test
target,14550,normal,normal,0,test
target,81465,portsweep,probe,1,test
target,96064,normal,normal,0,test
target,91783,ipsweep,probe,1,test
target,100622,ipsweep,probe,1,validation
target,13751,portsweep,probe,1,test
target,106758,normal,normal,0,test
target,35956,portsweep,probe,1,test
target,68409,normal,normal,0,test
target,110787,normal,normal,0,test
target,104816,ipsweep,probe,1,test
target,84010,nmap,probe,1,validation
target,102339,ipsweep,probe,1,test
target,29372,normal,normal,0,test
target,116058,nmap,probe,1,validation
target,94318,normal,normal,0,test
target,56193,normal,normal,0,test
target,83191,normal,normal,0,test
target,122423,portsweep,probe,1,validation
target,85491,ipsweep,probe,1,test
target,69510,normal,normal,0,test
target,10676,satan,probe,1,validation
target,122631,normal,normal,0,test
target,39909,normal,normal,0,test
target,20625,normal,normal,0,test
target,119055,satan,probe,1,test
target,20270,normal,normal,0,test
target,10752,nmap,probe,1,test
target,87291,normal,normal,0,test
target,108758,ipsweep,probe,1,test
target,56233,normal,normal,0,test
target,109492,portsweep,probe,1,validation
target,76891,normal,normal,0,test
target,80977,nmap,probe,1,test
target,51722,normal,normal,0,test
target,125338,portsweep,probe,1,validation
target,88983,normal,normal,0,test
target,4534,normal,normal,0,test
target,88311,normal,normal,0,test
target,62585,satan,probe,1,test
target,110567,normal,normal,0,test
target,96755,normal,normal,0,test
target,22762,satan,probe,1,test
target,125022,normal,normal,0,test
target,21947,satan,probe,1,test
target,117754,satan,probe,1,test
target,9575,satan,probe,1,test
target,24502,portsweep,probe,1,validation
target,77984,normal,normal,0,test
target,85337,normal,normal,0,test
target,25979,normal,normal,0,test
target,92663,portsweep,probe,1,test
target,87887,normal,normal,0,test
target,77089,ipsweep,probe,1,validation
target,113507,normal,normal,0,test
target,120350,satan,probe,1,validation
target,98640,normal,normal,0,test
target,79013,satan,probe,1,test
target,37157,normal,normal,0,test
target,62269,ipsweep,probe,1,test
target,86568,normal,normal,0,test
target,58281,satan,probe,1,test
target,113302,satan,probe,1,test
target,71337,normal,normal,0,test
target,98819,normal,normal,0,test
target,124656,normal,normal,0,test
target,31796,normal,normal,0,validation
target,16690,portsweep,probe,1,test
target,107508,normal,normal,0,test
target,62817,ipsweep,probe,1,test
target,38133,normal,normal,0,test
target,18241,normal,normal,0,validation
target,1326,ipsweep,probe,1,validation
target,121765,normal,normal,0,validation
target,122996,ipsweep,probe,1,test
target,73480,ipsweep,probe,1,validation
target,99500,normal,normal,0,test
target,63627,satan,probe,1,validation
target,14760,normal,normal,0,test
target,8978,satan,probe,1,validation
target,35652,nmap,probe,1,test
target,88174,normal,normal,0,test
target,6206,normal,normal,0,validation
target,9675,portsweep,probe,1,test
target,21112,normal,normal,0,validation
target,69694,portsweep,probe,1,test
target,29179,ipsweep,probe,1,validation
target,95737,normal,normal,0,validation
target,351,normal,normal,0,test
target,84888,portsweep,probe,1,test
target,35211,normal,normal,0,test
target,15095,satan,probe,1,test
target,22147,portsweep,probe,1,test
target,42815,normal,normal,0,validation
target,26534,normal,normal,0,validation
target,63906,nmap,probe,1,test
target,98333,satan,probe,1,validation
target,44419,portsweep,probe,1,test
target,40829,normal,normal,0,test
target,121362,ipsweep,probe,1,test
target,38439,satan,probe,1,test
target,213,normal,normal,0,validation
target,8523,ipsweep,probe,1,test
target,92166,ipsweep,probe,1,validation
target,84048,ipsweep,probe,1,test
target,39698,satan,probe,1,test
target,45187,portsweep,probe,1,test
target,121552,normal,normal,0,test
target,94077,ipsweep,probe,1,validation
target,5649,satan,probe,1,test
target,113031,normal,normal,0,test
target,52421,nmap,probe,1,test
target,93909,normal,normal,0,test
target,99056,normal,normal,0,validation
target,117860,ipsweep,probe,1,validation
target,50667,ipsweep,probe,1,test
target,11196,portsweep,probe,1,test
target,88057,nmap,probe,1,test
target,82435,nmap,probe,1,test
target,89070,nmap,probe,1,test
target,19469,normal,normal,0,test
target,20097,nmap,probe,1,test
target,46713,normal,normal,0,test
target,123708,ipsweep,probe,1,test
target,19377,portsweep,probe,1,test
target,110312,normal,normal,0,test
target,34190,portsweep,probe,1,test
target,591,portsweep,probe,1,test
target,2894,portsweep,probe,1,validation
target,63886,satan,probe,1,test
target,67384,ipsweep,probe,1,test
target,85681,nmap,probe,1,test
target,11843,portsweep,probe,1,validation
target,15243,portsweep,probe,1,test
target,13423,portsweep,probe,1,test
target,36452,portsweep,probe,1,test
target,72067,normal,normal,0,validation
target,75379,ipsweep,probe,1,test
target,84443,normal,normal,0,test
target,29619,normal,normal,0,test
target,61411,normal,normal,0,validation
target,115946,satan,probe,1,test
target,63911,normal,normal,0,test
target,9945,normal,normal,0,validation
target,105857,ipsweep,probe,1,test
target,112266,ipsweep,probe,1,test
target,111381,nmap,probe,1,validation
target,74467,normal,normal,0,test
target,78578,ipsweep,probe,1,test
target,1165,ipsweep,probe,1,test
target,21592,ipsweep,probe,1,test
target,76238,satan,probe,1,test
target,122760,normal,normal,0,test
target,95864,ipsweep,probe,1,validation
target,14244,normal,normal,0,test
target,103425,portsweep,probe,1,test
target,59992,satan,probe,1,test
target,113712,normal,normal,0,validation
target,60819,normal,normal,0,test
target,103949,normal,normal,0,test
target,56421,ipsweep,probe,1,validation
target,97738,satan,probe,1,validation
target,52029,nmap,probe,1,test
target,92561,portsweep,probe,1,validation
target,50220,portsweep,probe,1,validation
target,71481,normal,normal,0,test
target,39929,ipsweep,probe,1,test
target,56821,normal,normal,0,test
target,117604,satan,probe,1,validation
target,121405,normal,normal,0,test
target,75125,normal,normal,0,test
target,27226,normal,normal,0,test
target,108421,ipsweep,probe,1,test
target,32371,nmap,probe,1,validation
target,53802,ipsweep,probe,1,test
target,25506,normal,normal,0,validation
target,108550,satan,probe,1,validation
target,105818,ipsweep,probe,1,test
target,58633,normal,normal,0,test
target,34093,normal,normal,0,test
target,31332,normal,normal,0,validation
target,100615,nmap,probe,1,test
target,96390,satan,probe,1,validation
target,22277,normal,normal,0,validation
target,85529,ipsweep,probe,1,test
target,96769,normal,normal,0,test
target,111301,normal,normal,0,test
target,60293,satan,probe,1,test
target,57569,normal,normal,0,validation
target,37589,ipsweep,probe,1,test
target,119290,normal,normal,0,test
target,2971,nmap,probe,1,test
target,22089,normal,normal,0,test
target,107196,normal,normal,0,test
target,9414,satan,probe,1,validation
target,44071,portsweep,probe,1,test
target,117113,normal,normal,0,validation
target,102951,portsweep,probe,1,test
target,64196,ipsweep,probe,1,test
target,5937,normal,normal,0,test
target,47635,normal,normal,0,test
target,6886,normal,normal,0,validation
target,18582,portsweep,probe,1,test
target,26197,normal,normal,0,test
target,42962,ipsweep,probe,1,validation
target,51874,normal,normal,0,test
target,88328,nmap,probe,1,validation
target,29028,nmap,probe,1,test
target,47310,normal,normal,0,validation
target,20227,satan,probe,1,validation
target,32164,satan,probe,1,test
target,111728,satan,probe,1,test
target,71964,normal,normal,0,test
target,121370,normal,normal,0,test
target,38053,portsweep,probe,1,test
target,25439,normal,normal,0,validation
target,41165,satan,probe,1,test
target,3056,normal,normal,0,test
target,51429,satan,probe,1,test
target,109049,normal,normal,0,test
target,39510,normal,normal,0,test
target,51602,ipsweep,probe,1,validation
target,53672,portsweep,probe,1,validation
target,119598,nmap,probe,1,validation
target,124822,portsweep,probe,1,test
target,77712,normal,normal,0,test
target,77522,ipsweep,probe,1,test
target,94446,normal,normal,0,validation
target,65569,normal,normal,0,validation
target,5732,normal,normal,0,validation
target,42903,satan,probe,1,test
target,60880,normal,normal,0,validation
target,24977,ipsweep,probe,1,test
target,31741,normal,normal,0,validation
target,56005,normal,normal,0,validation
target,9668,portsweep,probe,1,validation
target,32439,portsweep,probe,1,test
target,28683,normal,normal,0,validation
target,108407,portsweep,probe,1,test
target,146,nmap,probe,1,test
target,294,normal,normal,0,test
target,125161,ipsweep,probe,1,test
target,89512,satan,probe,1,test
target,61571,satan,probe,1,test
target,78470,normal,normal,0,test
target,76556,normal,normal,0,test
target,15615,satan,probe,1,test
target,9532,ipsweep,probe,1,test
target,97868,normal,normal,0,validation
target,50749,satan,probe,1,validation
target,60479,normal,normal,0,test
target,77316,ipsweep,probe,1,test
target,62602,normal,normal,0,test
target,82137,satan,probe,1,validation
target,8424,portsweep,probe,1,test
target,84320,normal,normal,0,test
target,22241,ipsweep,probe,1,test
target,20551,normal,normal,0,test
target,65356,normal,normal,0,test
target,116442,normal,normal,0,test
target,16802,ipsweep,probe,1,test
target,39501,normal,normal,0,test
target,52685,normal,normal,0,test
target,90635,normal,normal,0,test
target,78900,normal,normal,0,test
target,103163,nmap,probe,1,test
target,86746,portsweep,probe,1,test
target,27705,normal,normal,0,test
target,103863,ipsweep,probe,1,test
target,50859,ipsweep,probe,1,test
target,116645,satan,probe,1,test
target,76840,normal,normal,0,test
target,106067,normal,normal,0,validation
target,62574,satan,probe,1,validation
target,50713,normal,normal,0,test
target,55670,portsweep,probe,1,test
target,107213,normal,normal,0,test
target,77206,normal,normal,0,validation
target,124947,ipsweep,probe,1,validation
target,82648,normal,normal,0,test
target,9665,normal,normal,0,test
target,47479,satan,probe,1,validation
target,49241,normal,normal,0,test
target,118244,ipsweep,probe,1,test
target,90996,normal,normal,0,test
target,22670,nmap,probe,1,test
target,112702,satan,probe,1,test
target,1718,satan,probe,1,validation
target,17488,nmap,probe,1,test
target,29441,normal,normal,0,test
target,120888,normal,normal,0,test
target,97423,normal,normal,0,test
target,14255,normal,normal,0,test
target,120512,normal,normal,0,test
target,56377,ipsweep,probe,1,validation
target,115370,satan,probe,1,test
target,91302,portsweep,probe,1,test
target,68548,normal,normal,0,test
target,80059,normal,normal,0,test
target,112278,portsweep,probe,1,validation
target,86040,ipsweep,probe,1,test
target,73639,ipsweep,probe,1,test
target,89895,normal,normal,0,validation
target,75382,normal,normal,0,test
target,104036,ipsweep,probe,1,test
target,43038,ipsweep,probe,1,validation
target,32880,normal,normal,0,validation
target,12309,nmap,probe,1,test
target,11602,normal,normal,0,test
target,52297,normal,normal,0,test
target,28807,ipsweep,probe,1,test
target,116305,normal,normal,0,test
target,16289,satan,probe,1,test
target,54076,satan,probe,1,test
target,102392,ipsweep,probe,1,test
target,65190,normal,normal,0,validation
target,82580,portsweep,probe,1,test
target,73770,portsweep,probe,1,test
target,25981,portsweep,probe,1,test
target,61257,ipsweep,probe,1,test
target,88451,normal,normal,0,test
target,82817,ipsweep,probe,1,test
target,78247,normal,normal,0,test
target,15115,normal,normal,0,test
target,109196,portsweep,probe,1,test
target,36357,satan,probe,1,test
target,105586,normal,normal,0,test
target,83052,satan,probe,1,validation
target,41631,ipsweep,probe,1,test
target,24730,satan,probe,1,test
target,53523,ipsweep,probe,1,test
target,101440,ipsweep,probe,1,validation
target,50279,satan,probe,1,test
target,32230,portsweep,probe,1,test
target,117676,ipsweep,probe,1,test
target,89026,satan,probe,1,test
target,97513,satan,probe,1,test
target,102137,portsweep,probe,1,validation
target,19646,ipsweep,probe,1,test
target,91042,normal,normal,0,test
target,58834,portsweep,probe,1,test
target,89006,normal,normal,0,test
target,84159,normal,normal,0,test
target,73488,normal,normal,0,test
target,102910,normal,normal,0,test
target,79486,normal,normal,0,test
target,44818,ipsweep,probe,1,test
target,42920,nmap,probe,1,test
target,10038,satan,probe,1,test
target,68255,nmap,probe,1,validation
target,37460,portsweep,probe,1,test
target,88795,portsweep,probe,1,test
target,37387,normal,normal,0,test
target,83507,satan,probe,1,test
target,125477,portsweep,probe,1,test
target,99135,normal,normal,0,test
target,254,nmap,probe,1,test
target,11276,normal,normal,0,test
target,122402,satan,probe,1,test
target,23890,nmap,probe,1,validation
target,54482,nmap,probe,1,validation
target,46332,normal,normal,0,validation
target,121281,portsweep,probe,1,test
target,61331,normal,normal,0,test
target,14835,normal,normal,0,test
target,51090,ipsweep,probe,1,test
target,1451,normal,normal,0,validation
target,45911,normal,normal,0,test
target,59815,satan,probe,1,test
target,63905,normal,normal,0,test
target,118248,satan,probe,1,test
target,16166,normal,normal,0,validation
target,96822,ipsweep,probe,1,test
target,1887,ipsweep,probe,1,test
target,117645,ipsweep,probe,1,test
target,103455,normal,normal,0,validation
target,64959,normal,normal,0,test
target,41303,nmap,probe,1,validation
target,95161,ipsweep,probe,1,test
target,66760,nmap,probe,1,test
target,77254,portsweep,probe,1,test
target,89719,ipsweep,probe,1,test
target,98876,normal,normal,0,validation
target,22651,normal,normal,0,test
target,60104,satan,probe,1,validation
target,110601,portsweep,probe,1,test
target,21855,normal,normal,0,test
target,110406,satan,probe,1,validation
target,71645,normal,normal,0,test
target,107721,ipsweep,probe,1,test
target,27489,satan,probe,1,test
target,33274,normal,normal,0,test
target,28368,nmap,probe,1,test
target,122645,ipsweep,probe,1,validation
target,91282,normal,normal,0,test
target,48498,normal,normal,0,test
target,17447,nmap,probe,1,validation
target,118149,ipsweep,probe,1,test
target,55396,normal,normal,0,test
target,57711,normal,normal,0,test
target,79177,portsweep,probe,1,test
target,79020,normal,normal,0,validation
target,404,ipsweep,probe,1,test
target,50246,normal,normal,0,test
target,53716,portsweep,probe,1,test
target,10743,normal,normal,0,test
target,53775,normal,normal,0,test
target,110775,nmap,probe,1,test
target,124769,normal,normal,0,test
target,98275,normal,normal,0,validation
target,94965,normal,normal,0,test
target,20763,satan,probe,1,test
target,85503,portsweep,probe,1,test
target,9564,satan,probe,1,test
target,26500,normal,normal,0,test
target,47654,normal,normal,0,validation
target,60146,satan,probe,1,test
target,54408,ipsweep,probe,1,test
target,115182,normal,normal,0,test
target,76762,nmap,probe,1,test
target,23515,ipsweep,probe,1,test
target,8420,ipsweep,probe,1,test
target,98011,normal,normal,0,test
target,38871,nmap,probe,1,test
target,88043,normal,normal,0,test
target,122029,normal,normal,0,test
target,114495,normal,normal,0,test
target,42283,ipsweep,probe,1,test
target,63085,portsweep,probe,1,test
target,28069,portsweep,probe,1,test
target,94115,nmap,probe,1,validation
target,123972,ipsweep,probe,1,test
target,109522,normal,normal,0,validation
target,4550,portsweep,probe,1,test
target,14017,normal,normal,0,test
target,119792,normal,normal,0,test
target,33053,normal,normal,0,test
target,24648,ipsweep,probe,1,test
target,51790,normal,normal,0,validation
target,59298,portsweep,probe,1,validation
target,7011,satan,probe,1,test
target,5891,satan,probe,1,test
target,61970,satan,probe,1,test
target,22857,normal,normal,0,test
target,62291,normal,normal,0,test
target,108394,ipsweep,probe,1,validation
target,24718,normal,normal,0,test
target,8322,normal,normal,0,test
target,56529,normal,normal,0,test
target,123959,normal,normal,0,test
target,37715,normal,normal,0,test
target,9746,normal,normal,0,test
target,48713,portsweep,probe,1,test
target,4061,normal,normal,0,validation
target,103639,normal,normal,0,test
target,22982,normal,normal,0,test
target,72454,satan,probe,1,test
target,24292,nmap,probe,1,validation
target,100774,nmap,probe,1,validation
target,64012,satan,probe,1,test
target,6514,normal,normal,0,test
target,50581,ipsweep,probe,1,test
target,57803,ipsweep,probe,1,test
target,93869,normal,normal,0,test
target,4236,portsweep,probe,1,test
target,105697,portsweep,probe,1,test
target,40856,normal,normal,0,test
target,36491,satan,probe,1,test
target,76856,normal,normal,0,test
target,32024,ipsweep,probe,1,test
target,61350,satan,probe,1,test
target,11830,normal,normal,0,test
target,93688,ipsweep,probe,1,test
target,64914,ipsweep,probe,1,test
target,64863,satan,probe,1,test
target,78282,satan,probe,1,test
target,93564,normal,normal,0,test
target,22388,portsweep,probe,1,test
target,71910,ipsweep,probe,1,test
target,124894,normal,normal,0,test
target,46915,normal,normal,0,validation
target,62521,normal,normal,0,test
target,120366,normal,normal,0,test
target,42207,nmap,probe,1,test
target,85998,ipsweep,probe,1,validation
target,47748,normal,normal,0,validation
target,45773,portsweep,probe,1,validation
target,123232,satan,probe,1,test
target,72369,normal,normal,0,test
target,84633,normal,normal,0,validation
target,79229,normal,normal,0,test
target,21744,ipsweep,probe,1,test
target,84735,normal,normal,0,validation
target,75935,normal,normal,0,test
target,84266,normal,normal,0,test
target,30152,satan,probe,1,validation
target,11986,normal,normal,0,test
target,107408,ipsweep,probe,1,test
target,12195,satan,probe,1,test
target,74795,ipsweep,probe,1,test
target,114238,ipsweep,probe,1,validation
target,78708,normal,normal,0,test
target,14325,normal,normal,0,test
target,9194,normal,normal,0,test
target,74268,ipsweep,probe,1,validation
target,65345,normal,normal,0,test
target,35344,normal,normal,0,test
target,103676,normal,normal,0,validation
target,113224,normal,normal,0,test
target,95801,normal,normal,0,test
target,50665,normal,normal,0,validation
target,121796,ipsweep,probe,1,test
target,95154,normal,normal,0,validation
target,15501,normal,normal,0,test
target,32512,normal,normal,0,test
target,16386,normal,normal,0,test
target,12879,ipsweep,probe,1,test
target,31880,portsweep,probe,1,test
target,17391,satan,probe,1,test
target,65734,normal,normal,0,test
target,42999,normal,normal,0,validation
target,53882,satan,probe,1,test
target,7697,satan,probe,1,validation
target,100318,normal,normal,0,test
target,37343,ipsweep,probe,1,validation
target,32303,normal,normal,0,test
target,527,normal,normal,0,test
target,41015,normal,normal,0,test
target,67849,normal,normal,0,test
target,829,ipsweep,probe,1,test
target,51205,nmap,probe,1,validation
target,25003,normal,normal,0,test
target,67878,normal,normal,0,test
target,74912,satan,probe,1,test
target,28453,ipsweep,probe,1,test
target,120747,normal,normal,0,validation
target,105854,normal,normal,0,validation
target,114709,normal,normal,0,validation
target,115359,satan,probe,1,test
target,38326,nmap,probe,1,test
target,104034,ipsweep,probe,1,test
target,570,ipsweep,probe,1,test
target,46005,ipsweep,probe,1,test
target,28825,normal,normal,0,test
target,884,satan,probe,1,test
target,69981,satan,probe,1,test
target,43918,nmap,probe,1,test
target,55133,normal,normal,0,test
target,62791,portsweep,probe,1,test
target,94350,nmap,probe,1,test
target,42562,portsweep,probe,1,test
target,98715,normal,normal,0,validation
target,125549,nmap,probe,1,validation
target,69706,normal,normal,0,test
target,28356,normal,normal,0,test
target,11594,satan,probe,1,test
target,65383,nmap,probe,1,test
target,112983,normal,normal,0,validation
target,19715,normal,normal,0,test
target,86080,satan,probe,1,validation
target,101122,ipsweep,probe,1,test
target,97660,satan,probe,1,validation
target,91843,normal,normal,0,test
target,112393,normal,normal,0,test
target,33560,ipsweep,probe,1,validation
target,34306,normal,normal,0,test
target,72366,satan,probe,1,validation
target,115638,portsweep,probe,1,test
target,19706,portsweep,probe,1,test
target,102822,normal,normal,0,test
target,39949,ipsweep,probe,1,test
target,96690,normal,normal,0,validation
target,119516,normal,normal,0,validation
target,111421,normal,normal,0,test
target,67946,satan,probe,1,validation
target,123360,normal,normal,0,test
target,107849,normal,normal,0,test
target,114096,portsweep,probe,1,test
target,58160,nmap,probe,1,test
target,17932,normal,normal,0,test
target,62445,nmap,probe,1,test
target,67947,normal,normal,0,test
target,123567,portsweep,probe,1,test
target,73802,normal,normal,0,test
target,39790,ipsweep,probe,1,test
target,85054,satan,probe,1,test
target,88788,portsweep,probe,1,validation
target,107818,normal,normal,0,validation
target,77923,nmap,probe,1,test
target,44421,satan,probe,1,test
target,5388,ipsweep,probe,1,test
target,61064,ipsweep,probe,1,test
target,78860,normal,normal,0,test
target,65073,portsweep,probe,1,validation
target,21082,normal,normal,0,test
target,69804,normal,normal,0,test
target,66983,normal,normal,0,test
target,21827,normal,normal,0,test
target,64851,satan,probe,1,validation
target,4549,normal,normal,0,test
target,2028,normal,normal,0,test
target,24545,normal,normal,0,test
target,76763,normal,normal,0,test
target,54317,nmap,probe,1,validation
target,39023,normal,normal,0,test
target,124196,portsweep,probe,1,validation
target,110524,normal,normal,0,test
target,46136,normal,normal,0,test
target,37932,normal,normal,0,test
target,112829,normal,normal,0,validation
target,88718,normal,normal,0,validation
target,9347,normal,normal,0,test
target,16061,satan,probe,1,validation
target,7312,ipsweep,probe,1,test
target,4862,normal,normal,0,validation
target,73926,normal,normal,0,test
target,24318,normal,normal,0,test
target,46396,ipsweep,probe,1,validation
target,122732,satan,probe,1,test
target,36758,normal,normal,0,validation
target,97580,ipsweep,probe,1,validation
target,5587,normal,normal,0,test
target,97924,normal,normal,0,test
target,44422,normal,normal,0,test
target,15593,ipsweep,probe,1,validation
target,39240,normal,normal,0,test
target,30421,nmap,probe,1,test
target,15840,ipsweep,probe,1,test
target,23645,satan,probe,1,test
target,56875,ipsweep,probe,1,test
target,62541,portsweep,probe,1,test
target,90203,normal,normal,0,test
target,102729,ipsweep,probe,1,test
target,111760,normal,normal,0,test
target,60338,normal,normal,0,test
target,65001,normal,normal,0,validation
target,103182,satan,probe,1,test
target,85315,normal,normal,0,test
target,102195,normal,normal,0,test
target,96929,normal,normal,0,test
target,122455,normal,normal,0,test
target,74056,normal,normal,0,test
target,85671,nmap,probe,1,test
target,91178,ipsweep,probe,1,test
target,101942,normal,normal,0,validation
target,61095,ipsweep,probe,1,validation
target,58035,nmap,probe,1,test
target,84371,satan,probe,1,validation
target,57823,satan,probe,1,test
target,106467,normal,normal,0,test
target,83175,normal,normal,0,validation
target,121137,normal,normal,0,test
target,71474,satan,probe,1,test
target,72839,ipsweep,probe,1,validation
target,93775,normal,normal,0,test
target,7273,normal,normal,0,test
target,84180,nmap,probe,1,test
target,29760,normal,normal,0,test
target,3948,ipsweep,probe,1,test
target,35936,ipsweep,probe,1,test
target,39440,normal,normal,0,validation
target,81940,portsweep,probe,1,validation
target,69672,ipsweep,probe,1,validation
target,77908,normal,normal,0,validation
target,67525,satan,probe,1,test
target,49380,nmap,probe,1,test
target,57393,normal,normal,0,test
target,78212,normal,normal,0,test
target,124224,normal,normal,0,test
target,122633,ipsweep,probe,1,test
target,108489,normal,normal,0,test
target,5353,satan,probe,1,test
target,58604,satan,probe,1,test
target,70082,normal,normal,0,test
target,121153,portsweep,probe,1,validation
target,125582,portsweep,probe,1,test
target,83645,normal,normal,0,test
target,17313,normal,normal,0,test
target,52544,normal,normal,0,test
target,112804,normal,normal,0,test
target,64226,normal,normal,0,test
target,96140,normal,normal,0,test
target,13110,ipsweep,probe,1,test
target,110138,normal,normal,0,validation
target,56024,nmap,probe,1,test
target,111767,satan,probe,1,test
target,6946,normal,normal,0,test
target,90081,satan,probe,1,test
target,53724,portsweep,probe,1,test
target,50909,ipsweep,probe,1,test
target,110238,normal,normal,0,test
target,60428,normal,normal,0,test
target,37043,normal,normal,0,test
target,60949,portsweep,probe,1,validation
target,74714,nmap,probe,1,test
target,86874,normal,normal,0,validation
target,4022,nmap,probe,1,test
target,15263,normal,normal,0,test
target,96109,satan,probe,1,test
target,36381,satan,probe,1,test
target,86473,normal,normal,0,test
target,56553,ipsweep,probe,1,test
target,103707,ipsweep,probe,1,test
target,108475,satan,probe,1,test
target,27714,satan,probe,1,validation
target,34743,satan,probe,1,test
target,17473,satan,probe,1,test
target,37340,normal,normal,0,test
target,71967,portsweep,probe,1,test
target,8778,normal,normal,0,validation
target,21459,normal,normal,0,test
target,123081,normal,normal,0,validation
target,15244,satan,probe,1,test
target,24998,normal,normal,0,validation
target,62070,normal,normal,0,validation
target,80711,normal,normal,0,test
target,7670,normal,normal,0,validation
target,115592,normal,normal,0,test
target,62458,satan,probe,1,test
target,97806,portsweep,probe,1,test
target,85483,normal,normal,0,test
target,83228,normal,normal,0,test
target,95377,normal,normal,0,test
target,81044,normal,normal,0,test
target,56563,normal,normal,0,test
target,36361,satan,probe,1,test
target,29618,normal,normal,0,test
target,83023,normal,normal,0,test
target,100892,ipsweep,probe,1,validation
target,89445,portsweep,probe,1,test
target,100765,normal,normal,0,test
target,47405,ipsweep,probe,1,test
target,45272,normal,normal,0,test
target,15865,normal,normal,0,test
target,51457,normal,normal,0,test
target,124150,ipsweep,probe,1,test
target,120721,normal,normal,0,validation
target,36524,portsweep,probe,1,test
target,49563,normal,normal,0,test
target,33653,normal,normal,0,test
target,70166,portsweep,probe,1,validation
target,29000,portsweep,probe,1,test
target,86646,ipsweep,probe,1,test
target,28706,ipsweep,probe,1,test
target,45451,normal,normal,0,validation
target,87998,normal,normal,0,validation
target,109685,normal,normal,0,test
target,5932,normal,normal,0,validation
target,60620,satan,probe,1,validation
target,28480,normal,normal,0,validation
target,15001,normal,normal,0,test
target,19859,portsweep,probe,1,test
target,98224,portsweep,probe,1,validation
target,43794,satan,probe,1,test
target,123368,normal,normal,0,test
target,7934,nmap,probe,1,test
target,97415,satan,probe,1,test
target,556,ipsweep,probe,1,test
target,20242,satan,probe,1,test
target,2782,normal,normal,0,test
target,35754,normal,normal,0,test
target,96305,satan,probe,1,test
target,81145,satan,probe,1,validation
target,79328,normal,normal,0,test
target,97146,portsweep,probe,1,validation
target,24760,satan,probe,1,test
target,107357,normal,normal,0,test
target,89340,normal,normal,0,test
target,114070,normal,normal,0,validation
target,79406,portsweep,probe,1,test
target,72186,normal,normal,0,test
target,26297,normal,normal,0,test
target,91469,normal,normal,0,test
target,38157,satan,probe,1,test
target,50544,ipsweep,probe,1,validation
target,123424,ipsweep,probe,1,test
target,112725,portsweep,probe,1,test
target,102261,normal,normal,0,test
target,15148,normal,normal,0,test
target,26524,satan,probe,1,validation
target,79855,ipsweep,probe,1,test
target,81517,normal,normal,0,test
target,111601,normal,normal,0,test
target,100141,normal,normal,0,validation
target,2272,satan,probe,1,validation
target,70742,normal,normal,0,validation
target,30700,nmap,probe,1,test
target,89900,normal,normal,0,test
target,113477,normal,normal,0,test
target,26443,normal,normal,0,validation
target,103350,normal,normal,0,test
target,75967,normal,normal,0,test
target,38812,ipsweep,probe,1,test
target,27000,normal,normal,0,test
target,118211,normal,normal,0,validation
target,59046,nmap,probe,1,validation
target,80898,ipsweep,probe,1,test
target,24939,satan,probe,1,test
target,68815,nmap,probe,1,test
target,93751,ipsweep,probe,1,test
target,3499,normal,normal,0,validation
target,12672,nmap,probe,1,test
target,60016,normal,normal,0,validation
target,113554,portsweep,probe,1,test
target,71179,nmap,probe,1,test
target,119852,nmap,probe,1,test
target,98291,portsweep,probe,1,test
target,68092,ipsweep,probe,1,test
target,110047,normal,normal,0,test
target,95842,satan,probe,1,test
target,52531,nmap,probe,1,validation
target,57714,satan,probe,1,test
target,106932,normal,normal,0,validation
target,111869,satan,probe,1,test
target,63264,portsweep,probe,1,test
target,72509,normal,normal,0,test
target,84627,normal,normal,0,test
target,64350,satan,probe,1,test
target,1775,normal,normal,0,test
target,26829,normal,normal,0,validation
target,38732,normal,normal,0,test
target,30286,portsweep,probe,1,test
target,62121,normal,normal,0,validation
target,110648,ipsweep,probe,1,validation
target,19042,satan,probe,1,test
target,60175,normal,normal,0,test
target,57928,satan,probe,1,test
target,17379,ipsweep,probe,1,test
target,45998,normal,normal,0,test
target,25061,portsweep,probe,1,validation
target,40119,ipsweep,probe,1,test
target,61473,portsweep,probe,1,test
target,31465,ipsweep,probe,1,test
target,74490,normal,normal,0,test
target,100955,normal,normal,0,test
target,72146,normal,normal,0,test
target,15660,normal,normal,0,validation
target,10200,normal,normal,0,test
target,21467,ipsweep,probe,1,test
target,120080,normal,normal,0,test
target,42929,nmap,probe,1,validation
target,72652,normal,normal,0,test
target,107178,satan,probe,1,validation
target,104326,nmap,probe,1,test
target,19561,normal,normal,0,test
target,13995,satan,probe,1,test
target,61992,normal,normal,0,validation
target,93941,portsweep,probe,1,test
target,72550,normal,normal,0,test
target,67039,normal,normal,0,test
target,110776,normal,normal,0,test
target,22339,satan,probe,1,test
target,31244,satan,probe,1,validation
target,85160,normal,normal,0,validation
target,9860,ipsweep,probe,1,validation
target,22842,normal,normal,0,test
target,102852,ipsweep,probe,1,test
target,60841,normal,normal,0,test
target,87148,normal,normal,0,test
target,37431,normal,normal,0,validation
target,61910,portsweep,probe,1,test
target,72151,normal,normal,0,validation
target,36963,normal,normal,0,test
target,116320,normal,normal,0,test
target,82627,normal,normal,0,validation
target,62752,normal,normal,0,test
target,116122,normal,normal,0,validation
target,52433,normal,normal,0,test
target,30389,portsweep,probe,1,validation
target,107857,ipsweep,probe,1,test
target,47839,normal,normal,0,validation
target,45561,normal,normal,0,test
target,15277,nmap,probe,1,test
target,40464,satan,probe,1,test
target,53766,satan,probe,1,validation
target,73799,satan,probe,1,validation
target,110340,normal,normal,0,test
target,24173,normal,normal,0,test
target,43112,normal,normal,0,test
target,120620,nmap,probe,1,test
target,43569,satan,probe,1,test
target,89401,normal,normal,0,test
target,44197,normal,normal,0,test
target,6543,normal,normal,0,test
target,102643,ipsweep,probe,1,validation
target,78230,normal,normal,0,test
target,8035,satan,probe,1,test
target,76542,satan,probe,1,test
target,97307,normal,normal,0,validation
target,109790,ipsweep,probe,1,test
target,102512,nmap,probe,1,test
target,82945,ipsweep,probe,1,test
target,66229,portsweep,probe,1,test
target,61567,normal,normal,0,validation
target,79868,normal,normal,0,validation
target,125743,satan,probe,1,test
target,19898,portsweep,probe,1,test
target,38918,normal,normal,0,validation
target,51606,normal,normal,0,test
target,13501,normal,normal,0,test
target,105391,satan,probe,1,test
target,71614,normal,normal,0,test
target,13734,normal,normal,0,test
target,102766,normal,normal,0,test
target,46784,satan,probe,1,test
target,58672,normal,normal,0,test
target,5415,satan,probe,1,test
target,44429,ipsweep,probe,1,test
target,124001,ipsweep,probe,1,validation
target,57448,satan,probe,1,validation
target,49690,normal,normal,0,test
target,21832,normal,normal,0,test
target,39793,portsweep,probe,1,test
target,117477,normal,normal,0,test
target,65339,ipsweep,probe,1,test
target,19910,normal,normal,0,test
target,46969,normal,normal,0,test
target,20916,portsweep,probe,1,test
target,10332,nmap,probe,1,test
target,82108,nmap,probe,1,test
target,62952,normal,normal,0,validation
target,4687,ipsweep,probe,1,test
target,59192,normal,normal,0,test
target,9812,normal,normal,0,validation
target,74825,normal,normal,0,test
target,9149,portsweep,probe,1,test
target,76760,normal,normal,0,test
target,98506,nmap,probe,1,test
target,84185,normal,normal,0,validation
target,91841,normal,normal,0,test
target,53033,normal,normal,0,test
target,98308,normal,normal,0,test
target,59389,normal,normal,0,validation
target,42133,normal,normal,0,test
target,691,normal,normal,0,test
target,73273,satan,probe,1,validation
target,38763,satan,probe,1,test
target,106026,portsweep,probe,1,test
target,66001,normal,normal,0,validation
target,109626,normal,normal,0,validation
target,89498,normal,normal,0,test
target,27541,ipsweep,probe,1,test
target,23307,portsweep,probe,1,validation
target,9757,ipsweep,probe,1,test
target,113303,portsweep,probe,1,validation
target,18698,normal,normal,0,validation
target,92346,normal,normal,0,test
target,114346,normal,normal,0,test
target,118580,satan,probe,1,validation
target,94880,normal,normal,0,test
target,108843,satan,probe,1,test
target,61219,normal,normal,0,test
target,111295,satan,probe,1,test
target,56820,normal,normal,0,test
target,10523,portsweep,probe,1,test
target,91151,satan,probe,1,test
target,100559,nmap,probe,1,validation
target,17736,ipsweep,probe,1,test
target,111785,ipsweep,probe,1,validation
target,60243,normal,normal,0,test
target,61254,normal,normal,0,validation
target,34239,portsweep,probe,1,test
target,66015,normal,normal,0,test
target,37976,normal,normal,0,test
target,62599,normal,normal,0,test
target,76534,ipsweep,probe,1,validation
target,13290,ipsweep,probe,1,test
target,79742,ipsweep,probe,1,test
target,40043,satan,probe,1,test
target,2316,normal,normal,0,test
target,72133,nmap,probe,1,test
target,58408,normal,normal,0,validation
target,2295,normal,normal,0,validation
target,59967,normal,normal,0,test
target,55160,satan,probe,1,test
target,80896,normal,normal,0,test
target,31731,portsweep,probe,1,validation
target,2547,normal,normal,0,test
target,64442,normal,normal,0,test
target,73432,ipsweep,probe,1,test
target,83251,normal,normal,0,test
target,80385,portsweep,probe,1,test
target,100386,normal,normal,0,test
target,30683,normal,normal,0,test
target,28531,normal,normal,0,test
target,115521,normal,normal,0,validation
target,91026,nmap,probe,1,validation
target,74162,normal,normal,0,test
target,45142,normal,normal,0,validation
target,58950,normal,normal,0,test
target,98778,ipsweep,probe,1,test
target,11249,normal,normal,0,test
target,25392,normal,normal,0,test
target,18046,satan,probe,1,test
target,60573,satan,probe,1,test
target,12940,normal,normal,0,validation
target,58945,normal,normal,0,test
target,18066,normal,normal,0,test
target,46564,normal,normal,0,test
target,38595,satan,probe,1,test
target,93360,nmap,probe,1,test
target,14135,portsweep,probe,1,test
target,57040,ipsweep,probe,1,test
target,102193,normal,normal,0,validation
target,103811,ipsweep,probe,1,test
target,28638,normal,normal,0,validation
target,65659,normal,normal,0,test
target,102208,normal,normal,0,test
target,114744,normal,normal,0,validation
target,21996,normal,normal,0,test
target,112503,normal,normal,0,test
target,67144,normal,normal,0,test
target,85536,ipsweep,probe,1,test
target,98373,ipsweep,probe,1,validation
target,55629,normal,normal,0,test
target,10065,normal,normal,0,test
target,63470,ipsweep,probe,1,test
target,44471,satan,probe,1,validation
target,20080,normal,normal,0,test
target,26778,satan,probe,1,test
target,43154,normal,normal,0,test
target,39958,normal,normal,0,test
target,53615,ipsweep,probe,1,test
target,104315,normal,normal,0,test
target,36008,normal,normal,0,test
target,100275,normal,normal,0,test
target,44662,normal,normal,0,test
target,106798,normal,normal,0,test
target,56079,normal,normal,0,test
target,37864,normal,normal,0,test
target,112262,normal,normal,0,validation
target,26245,normal,normal,0,test
target,11329,normal,normal,0,test
target,89751,normal,normal,0,test
target,42947,ipsweep,probe,1,test
target,123153,satan,probe,1,test
target,23569,portsweep,probe,1,test
target,13465,normal,normal,0,test
target,68327,normal,normal,0,validation
target,2196,ipsweep,probe,1,test
target,78305,satan,probe,1,test
target,24143,portsweep,probe,1,test
target,103015,nmap,probe,1,test
target,36834,normal,normal,0,test
target,119188,satan,probe,1,test
target,3168,nmap,probe,1,validation
target,20968,nmap,probe,1,test
target,2687,normal,normal,0,test
target,80435,normal,normal,0,test
target,44597,normal,normal,0,test
target,117441,normal,normal,0,validation
target,98427,satan,probe,1,validation
target,7585,ipsweep,probe,1,test
target,117410,nmap,probe,1,validation
target,103229,normal,normal,0,validation
target,19886,normal,normal,0,test
target,77258,normal,normal,0,test
target,65119,ipsweep,probe,1,test
target,82946,portsweep,probe,1,test
target,5003,normal,normal,0,validation
target,102048,satan,probe,1,validation
target,60556,normal,normal,0,test
target,61743,normal,normal,0,test
target,62761,normal,normal,0,test
target,13887,satan,probe,1,test
target,87223,normal,normal,0,test
target,112162,portsweep,probe,1,test
target,54338,normal,normal,0,validation
target,96420,normal,normal,0,test
target,93292,normal,normal,0,test
target,96004,satan,probe,1,test
target,102723,ipsweep,probe,1,test
target,13523,nmap,probe,1,validation
target,106947,satan,probe,1,validation
target,44036,satan,probe,1,test
target,78186,portsweep,probe,1,validation
target,33473,normal,normal,0,test
target,56722,normal,normal,0,validation
target,56609,ipsweep,probe,1,test
target,39104,ipsweep,probe,1,validation
target,4925,normal,normal,0,test
target,99692,normal,normal,0,test
target,13201,normal,normal,0,test
target,39704,nmap,probe,1,test
target,107190,portsweep,probe,1,validation
target,8903,ipsweep,probe,1,test
target,22368,ipsweep,probe,1,test
target,111940,normal,normal,0,validation
target,105467,portsweep,probe,1,test
target,33318,normal,normal,0,test
target,53438,normal,normal,0,validation
target,89278,ipsweep,probe,1,test
target,1006,normal,normal,0,test
target,72106,satan,probe,1,test
target,97022,satan,probe,1,test
target,62001,ipsweep,probe,1,test
target,114601,normal,normal,0,test
target,121338,satan,probe,1,test
target,121461,normal,normal,0,test
target,52781,normal,normal,0,test
target,38999,ipsweep,probe,1,validation
target,90921,ipsweep,probe,1,test
target,64064,satan,probe,1,test
target,18637,normal,normal,0,test
target,64406,satan,probe,1,test
target,96230,normal,normal,0,test
target,76163,satan,probe,1,test
target,26458,normal,normal,0,test
target,122023,normal,normal,0,test
target,102558,ipsweep,probe,1,test
target,55821,portsweep,probe,1,validation
target,114512,normal,normal,0,test
target,44284,portsweep,probe,1,test
target,4799,normal,normal,0,test
target,110235,normal,normal,0,validation
target,103593,normal,normal,0,validation
target,121629,ipsweep,probe,1,test
target,37692,satan,probe,1,validation
target,13658,normal,normal,0,test
target,26504,normal,normal,0,test
target,82245,ipsweep,probe,1,test
target,106368,normal,normal,0,test
target,118163,normal,normal,0,test
target,89382,normal,normal,0,test
target,7773,ipsweep,probe,1,test
target,122918,satan,probe,1,test
target,18294,satan,probe,1,validation
target,15727,normal,normal,0,test
target,121742,portsweep,probe,1,test
target,55215,normal,normal,0,test
target,72664,normal,normal,0,validation
target,98009,normal,normal,0,validation
target,70424,normal,normal,0,test
target,68156,ipsweep,probe,1,validation
target,42558,portsweep,probe,1,test
target,65513,normal,normal,0,test
target,23345,normal,normal,0,test
target,59467,normal,normal,0,validation
target,87846,normal,normal,0,test
target,93927,ipsweep,probe,1,test
target,71345,nmap,probe,1,test
target,11685,normal,normal,0,test
target,98646,normal,normal,0,test
target,78341,normal,normal,0,validation
target,79133,normal,normal,0,validation
target,13600,satan,probe,1,validation
target,33706,portsweep,probe,1,test
target,88345,nmap,probe,1,test
target,66791,portsweep,probe,1,test
target,63608,normal,normal,0,test
target,1789,satan,probe,1,test
target,78846,normal,normal,0,validation
