domain,raw_index,attack,attack_group,binary_label,target_partition
source,18827,normal,normal,0,not_applicable
source,2113,normal,normal,0,not_applicable
source,35360,normal,normal,0,not_applicable
source,83433,neptune,dos,1,not_applicable
source,62838,normal,normal,0,not_applicable
source,119268,smurf,dos,1,not_applicable
source,51403,neptune,dos,1,not_applicable
source,56881,neptune,dos,1,not_applicable
source,19085,normal,normal,0,not_applicable
source,40639,neptune,dos,1,not_applicable
source,10233,neptune,dos,1,not_applicable
source,72091,neptune,dos,1,not_applicable
source,104620,neptune,dos,1,not_applicable
source,111131,neptune,dos,1,not_applicable
source,124625,normal,normal,0,not_applicable
source,19393,neptune,dos,1,not_applicable
source,73198,neptune,dos,1,not_applicable
source,48535,normal,normal,0,not_applicable
source,43079,normal,normal,0,not_applicable
source,115357,neptune,dos,1,not_applicable
source,43,normal,normal,0,not_applicable
source,58213,normal,normal,0,not_applicable
source,7929,smurf,dos,1,not_applicable
source,115953,neptune,dos,1,not_applicable
source,24199,neptune,dos,1,not_applicable
source,30628,normal,normal,0,not_applicable
source,20761,normal,normal,0,not_applicable
source,89614,normal,normal,0,not_applicable
source,79536,smurf,dos,1,not_applicable
source,105690,neptune,dos,1,not_applicable
source,24974,normal,normal,0,not_applicable
source,23636,back,dos,1,not_applicable
source,80500,neptune,dos,1,not_applicable
source,19164,neptune,dos,1,not_applicable
source,93903,smurf,dos,1,not_applicable
source,24085,neptune,dos,1,not_applicable
source,64726,teardrop,dos,1,not_applicable
source,10607,normal,normal,0,not_applicable
source,8708,normal,normal,0,not_applicable
source,24371,smurf,dos,1,not_applicable
source,112575,normal,normal,0,not_applicable
source,13527,normal,normal,0,not_applicable
source,21840,neptune,dos,1,not_applicable
source,98070,normal,normal,0,not_applicable
source,52472,neptune,dos,1,not_applicable
source,49417,normal,normal,0,not_applicable
source,57808,normal,normal,0,not_applicable
source,78101,normal,normal,0,not_applicable
source,47300,normal,normal,0,not_applicable
source,77954,normal,normal,0,not_applicable
source,109213,neptune,dos,1,not_applicable
source,120321,neptune,dos,1,not_applicable
source,104167,neptune,dos,1,not_applicable
source,17107,normal,normal,0,not_applicable
source,43724,normal,normal,0,not_applicable
source,61613,neptune,dos,1,not_applicable
source,19074,normal,normal,0,not_applicable
source,62698,neptune,dos,1,not_applicable
source,123143,normal,normal,0,not_applicable
source,66081,normal,normal,0,not_applicable
source,69998,normal,normal,0,not_applicable
source,81491,normal,normal,0,not_applicable
source,103197,neptune,dos,1,not_applicable
source,55527,normal,normal,0,not_applicable
source,50278,normal,normal,0,not_applicable
source,28970,normal,normal,0,not_applicable
source,24883,neptune,dos,1,not_applicable
source,112721,neptune,dos,1,not_applicable
source,97912,neptune,dos,1,not_applicable
source,102990,neptune,dos,1,not_applicable
source,13103,normal,normal,0,not_applicable
source,33951,normal,normal,0,not_applicable
source,45021,normal,normal,0,not_applicable
source,33192,normal,normal,0,not_applicable
source,114003,neptune,dos,1,not_applicable
source,18595,neptune,dos,1,not_applicable
source,33564,neptune,dos,1,not_applicable
source,46882,normal,normal,0,not_applicable
source,121461,normal,normal,0,not_applicable
source,11601,neptune,dos,1,not_applicable
source,76223,normal,normal,0,not_applicable
source,76922,neptune,dos,1,not_applicable
source,56358,neptune,dos,1,not_applicable
source,4593,normal,normal,0,not_applicable
source,104212,normal,normal,0,not_applicable
source,52900,neptune,dos,1,not_applicable
source,10254,normal,normal,0,not_applicable
source,40530,normal,normal,0,not_applicable
source,72522,normal,normal,0,not_applicable
source,55828,neptune,dos,1,not_applicable
source,6310,normal,normal,0,not_applicable
source,11605,neptune,dos,1,not_applicable
source,97198,back,dos,1,not_applicable
source,9616,normal,normal,0,not_applicable
source,75271,normal,normal,0,not_applicable
source,19951,neptune,dos,1,not_applicable
source,45936,neptune,dos,1,not_applicable
source,86917,neptune,dos,1,not_applicable
source,114163,normal,normal,0,not_applicable
source,68392,neptune,dos,1,not_applicable
source,36471,normal,normal,0,not_applicable
source,56938,normal,normal,0,not_applicable
source,24605,neptune,dos,1,not_applicable
source,36687,normal,normal,0,not_applicable
source,113797,neptune,dos,1,not_applicable
source,51936,normal,normal,0,not_applicable
source,16721,normal,normal,0,not_applicable
source,35982,neptune,dos,1,not_applicable
source,65347,normal,normal,0,not_applicable
source,47298,neptune,dos,1,not_applicable
source,55147,normal,normal,0,not_applicable
source,46819,normal,normal,0,not_applicable
source,35597,normal,normal,0,not_applicable
source,4961,normal,normal,0,not_applicable
source,74211,normal,normal,0,not_applicable
source,82004,neptune,dos,1,not_applicable
source,101474,neptune,dos,1,not_applicable
source,43968,neptune,dos,1,not_applicable
source,14979,pod,dos,1,not_applicable
source,95868,neptune,dos,1,not_applicable
source,51942,neptune,dos,1,not_applicable
source,8747,neptune,dos,1,not_applicable
source,7830,normal,normal,0,not_applicable
source,113041,neptune,dos,1,not_applicable
source,92402,neptune,dos,1,not_applicable
source,45057,normal,normal,0,not_applicable
source,30745,neptune,dos,1,not_applicable
source,39,neptune,dos,1,not_applicable
source,50738,neptune,dos,1,not_applicable
source,100298,neptune,dos,1,not_applicable
source,80450,normal,normal,0,not_applicable
source,97948,normal,normal,0,not_applicable
source,26679,neptune,dos,1,not_applicable
source,34933,neptune,dos,1,not_applicable
source,109250,neptune,dos,1,not_applicable
source,55786,normal,normal,0,not_applicable
source,2980,normal,normal,0,not_applicable
source,41193,normal,normal,0,not_applicable
source,12777,neptune,dos,1,not_applicable
source,60117,normal,normal,0,not_applicable
source,84725,neptune,dos,1,not_applicable
source,108801,neptune,dos,1,not_applicable
source,55661,normal,normal,0,not_applicable
source,5474,neptune,dos,1,not_applicable
source,52963,normal,normal,0,not_applicable
source,10274,normal,normal,0,not_applicable
source,103741,neptune,dos,1,not_applicable
source,102154,normal,normal,0,not_applicable
source,40062,normal,normal,0,not_applicable
source,120609,normal,normal,0,not_applicable
source,15799,neptune,dos,1,not_applicable
source,39919,neptune,dos,1,not_applicable
source,57284,neptune,dos,1,not_applicable
source,41734,normal,normal,0,not_applicable
source,36545,normal,normal,0,not_applicable
source,77314,neptune,dos,1,not_applicable
source,27253,neptune,dos,1,not_applicable
source,548,normal,normal,0,not_applicable
source,36118,neptune,dos,1,not_applicable
source,79890,smurf,dos,1,not_applicable
source,52052,normal,normal,0,not_applicable
source,71128,normal,normal,0,not_applicable
source,4387,normal,normal,0,not_applicable
source,21220,normal,normal,0,not_applicable
source,10436,neptune,dos,1,not_applicable
source,121003,normal,normal,0,not_applicable
source,30609,neptune,dos,1,not_applicable
source,70831,normal,normal,0,not_applicable
source,98037,normal,normal,0,not_applicable
source,119777,neptune,dos,1,not_applicable
source,58285,neptune,dos,1,not_applicable
source,68865,normal,normal,0,not_applicable
source,67207,normal,normal,0,not_applicable
source,35155,back,dos,1,not_applicable
source,11645,normal,normal,0,not_applicable
source,51908,normal,normal,0,not_applicable
source,55864,neptune,dos,1,not_applicable
source,123723,neptune,dos,1,not_applicable
source,35533,neptune,dos,1,not_applicable
source,28866,neptune,dos,1,not_applicable
source,73912,normal,normal,0,not_applicable
source,53541,neptune,dos,1,not_applicable
source,109811,neptune,dos,1,not_applicable
source,94449,normal,normal,0,not_applicable
source,57266,normal,normal,0,not_applicable
source,64352,normal,normal,0,not_applicable
source,24571,neptune,dos,1,not_applicable
source,116810,smurf,dos,1,not_applicable
source,120475,neptune,dos,1,not_applicable
source,3387,neptune,dos,1,not_applicable
source,10973,normal,normal,0,not_applicable
source,124568,normal,normal,0,not_applicable
source,46175,normal,normal,0,not_applicable
source,53661,neptune,dos,1,not_applicable
source,113251,normal,normal,0,not_applicable
source,73367,normal,normal,0,not_applicable
source,76982,normal,normal,0,not_applicable
source,52601,normal,normal,0,not_applicable
source,70565,neptune,dos,1,not_applicable
source,76757,normal,normal,0,not_applicable
source,117811,normal,normal,0,not_applicable
source,45280,neptune,dos,1,not_applicable
source,59159,normal,normal,0,not_applicable
source,92573,teardrop,dos,1,not_applicable
source,7465,normal,normal,0,not_applicable
source,16496,normal,normal,0,not_applicable
source,41085,neptune,dos,1,not_applicable
source,70246,normal,normal,0,not_applicable
source,13372,normal,normal,0,not_applicable
source,44489,neptune,dos,1,not_applicable
source,48116,neptune,dos,1,not_applicable
source,54111,normal,normal,0,not_applicable
source,6221,normal,normal,0,not_applicable
source,83605,neptune,dos,1,not_applicable
source,3565,neptune,dos,1,not_applicable
source,120547,normal,normal,0,not_applicable
source,25242,neptune,dos,1,not_applicable
source,53820,neptune,dos,1,not_applicable
source,85320,teardrop,dos,1,not_applicable
source,7924,neptune,dos,1,not_applicable
source,66814,neptune,dos,1,not_applicable
source,19341,neptune,dos,1,not_applicable
source,38617,normal,normal,0,not_applicable
source,34808,normal,normal,0,not_applicable
source,56256,neptune,dos,1,not_applicable
source,110285,normal,normal,0,not_applicable
source,81775,neptune,dos,1,not_applicable
source,53423,neptune,dos,1,not_applicable
source,94566,normal,normal,0,not_applicable
source,102839,normal,normal,0,not_applicable
source,6296,normal,normal,0,not_applicable
source,86508,normal,normal,0,not_applicable
source,5953,normal,normal,0,not_applicable
source,31568,normal,normal,0,not_applicable
source,11582,normal,normal,0,not_applicable
source,72763,normal,normal,0,not_applicable
source,42233,normal,normal,0,not_applicable
source,38172,normal,normal,0,not_applicable
source,60540,neptune,dos,1,not_applicable
source,46102,neptune,dos,1,not_applicable
source,11293,neptune,dos,1,not_applicable
source,72486,teardrop,dos,1,not_applicable
source,82110,normal,normal,0,not_applicable
source,22729,normal,normal,0,not_applicable
source,102093,normal,normal,0,not_applicable
source,107909,normal,normal,0,not_applicable
source,62244,neptune,dos,1,not_applicable
source,42873,normal,normal,0,not_applicable
source,74055,neptune,dos,1,not_applicable
source,119214,neptune,dos,1,not_applicable
source,118594,normal,normal,0,not_applicable
source,1313,neptune,dos,1,not_applicable
source,43217,normal,normal,0,not_applicable
source,25998,neptune,dos,1,not_applicable
source,43732,neptune,dos,1,not_applicable
source,77698,neptune,dos,1,not_applicable
source,24023,normal,normal,0,not_applicable
source,77,normal,normal,0,not_applicable
source,36562,normal,normal,0,not_applicable
source,84452,neptune,dos,1,not_applicable
source,31016,neptune,dos,1,not_applicable
source,109879,neptune,dos,1,not_applicable
source,26312,normal,normal,0,not_applicable
source,100486,neptune,dos,1,not_applicable
source,28150,neptune,dos,1,not_applicable
source,83628,neptune,dos,1,not_applicable
source,91826,normal,normal,0,not_applicable
source,112465,neptune,dos,1,not_applicable
source,21581,neptune,dos,1,not_applicable
source,104830,normal,normal,0,not_applicable
source,18590,neptune,dos,1,not_applicable
source,45000,normal,normal,0,not_applicable
source,26402,neptune,dos,1,not_applicable
source,40008,neptune,dos,1,not_applicable
source,36633,normal,normal,0,not_applicable
source,5473,normal,normal,0,not_applicable
source,40250,neptune,dos,1,not_applicable
source,115411,neptune,dos,1,not_applicable
source,99045,neptune,dos,1,not_applicable
source,3039,neptune,dos,1,not_applicable
source,61664,neptune,dos,1,not_applicable
source,27792,neptune,dos,1,not_applicable
source,119124,normal,normal,0,not_applicable
source,39469,normal,normal,0,not_applicable
source,12500,normal,normal,0,not_applicable
source,16680,neptune,dos,1,not_applicable
source,118361,normal,normal,0,not_applicable
source,47123,neptune,dos,1,not_applicable
source,113553,neptune,dos,1,not_applicable
source,52103,normal,normal,0,not_applicable
source,7772,smurf,dos,1,not_applicable
source,92617,neptune,dos,1,not_applicable
source,61367,normal,normal,0,not_applicable
source,55533,normal,normal,0,not_applicable
source,22652,neptune,dos,1,not_applicable
source,77011,normal,normal,0,not_applicable
source,119015,normal,normal,0,not_applicable
source,37968,teardrop,dos,1,not_applicable
source,89607,normal,normal,0,not_applicable
source,21918,neptune,dos,1,not_applicable
source,40300,neptune,dos,1,not_applicable
source,39756,neptune,dos,1,not_applicable
source,40378,normal,normal,0,not_applicable
source,20159,neptune,dos,1,not_applicable
source,40838,normal,normal,0,not_applicable
source,107731,neptune,dos,1,not_applicable
source,29769,normal,normal,0,not_applicable
source,80959,neptune,dos,1,not_applicable
source,49575,neptune,dos,1,not_applicable
source,108240,neptune,dos,1,not_applicable
source,97534,neptune,dos,1,not_applicable
source,49596,neptune,dos,1,not_applicable
source,104449,neptune,dos,1,not_applicable
source,84922,neptune,dos,1,not_applicable
source,64843,normal,normal,0,not_applicable
source,60952,neptune,dos,1,not_applicable
source,113778,neptune,dos,1,not_applicable
source,16563,neptune,dos,1,not_applicable
source,97271,neptune,dos,1,not_applicable
source,7195,normal,normal,0,not_applicable
source,61260,neptune,dos,1,not_applicable
source,103899,neptune,dos,1,not_applicable
source,68715,neptune,dos,1,not_applicable
source,84235,normal,normal,0,not_applicable
source,13345,normal,normal,0,not_applicable
source,14292,neptune,dos,1,not_applicable
source,92861,neptune,dos,1,not_applicable
source,46565,normal,normal,0,not_applicable
source,73805,neptune,dos,1,not_applicable
source,113353,normal,normal,0,not_applicable
source,97026,normal,normal,0,not_applicable
source,26975,normal,normal,0,not_applicable
source,40994,neptune,dos,1,not_applicable
source,13587,normal,normal,0,not_applicable
source,78126,normal,normal,0,not_applicable
source,101069,neptune,dos,1,not_applicable
source,98972,neptune,dos,1,not_applicable
source,101742,normal,normal,0,not_applicable
source,33456,neptune,dos,1,not_applicable
source,77882,normal,normal,0,not_applicable
source,27765,neptune,dos,1,not_applicable
source,2496,normal,normal,0,not_applicable
source,61640,neptune,dos,1,not_applicable
source,111033,neptune,dos,1,not_applicable
source,111099,normal,normal,0,not_applicable
source,28704,neptune,dos,1,not_applicable
source,73807,normal,normal,0,not_applicable
source,76344,normal,normal,0,not_applicable
source,39772,normal,normal,0,not_applicable
source,75749,teardrop,dos,1,not_applicable
source,474,neptune,dos,1,not_applicable
source,32136,neptune,dos,1,not_applicable
source,85624,neptune,dos,1,not_applicable
source,61226,neptune,dos,1,not_applicable
source,17036,normal,normal,0,not_applicable
source,48650,normal,normal,0,not_applicable
source,65635,neptune,dos,1,not_applicable
source,12377,neptune,dos,1,not_applicable
source,72761,neptune,dos,1,not_applicable
source,29682,neptune,dos,1,not_applicable
source,105156,neptune,dos,1,not_applicable
source,108713,normal,normal,0,not_applicable
source,70829,neptune,dos,1,not_applicable
source,35939,normal,normal,0,not_applicable
source,86352,normal,normal,0,not_applicable
source,10790,neptune,dos,1,not_applicable
source,13455,normal,normal,0,not_applicable
source,7256,neptune,dos,1,not_applicable
source,22133,neptune,dos,1,not_applicable
source,88771,smurf,dos,1,not_applicable
source,123444,neptune,dos,1,not_applicable
source,97002,normal,normal,0,not_applicable
source,21167,neptune,dos,1,not_applicable
source,43859,normal,normal,0,not_applicable
source,27074,normal,normal,0,not_applicable
source,107105,neptune,dos,1,not_applicable
source,98050,normal,normal,0,not_applicable
source,39337,neptune,dos,1,not_applicable
source,101599,normal,normal,0,not_applicable
source,66445,neptune,dos,1,not_applicable
source,101186,normal,normal,0,not_applicable
source,84242,normal,normal,0,not_applicable
source,58708,normal,normal,0,not_applicable
source,124308,neptune,dos,1,not_applicable
source,48249,normal,normal,0,not_applicable
source,78691,neptune,dos,1,not_applicable
source,1116,normal,normal,0,not_applicable
source,85253,normal,normal,0,not_applicable
source,125971,neptune,dos,1,not_applicable
source,18757,neptune,dos,1,not_applicable
source,117632,neptune,dos,1,not_applicable
source,7041,neptune,dos,1,not_applicable
source,881,neptune,dos,1,not_applicable
source,104520,neptune,dos,1,not_applicable
source,104242,neptune,dos,1,not_applicable
source,23855,neptune,dos,1,not_applicable
source,11787,normal,normal,0,not_applicable
source,88630,normal,normal,0,not_applicable
source,109859,neptune,dos,1,not_applicable
source,108989,neptune,dos,1,not_applicable
source,53322,normal,normal,0,not_applicable
source,93136,neptune,dos,1,not_applicable
source,20175,normal,normal,0,not_applicable
source,76016,normal,normal,0,not_applicable
source,29496,normal,normal,0,not_applicable
source,24152,normal,normal,0,not_applicable
source,51281,neptune,dos,1,not_applicable
source,10006,normal,normal,0,not_applicable
source,119525,neptune,dos,1,not_applicable
source,75693,neptune,dos,1,not_applicable
source,64760,normal,normal,0,not_applicable
source,59420,neptune,dos,1,not_applicable
source,66516,neptune,dos,1,not_applicable
source,104251,normal,normal,0,not_applicable
source,100520,normal,normal,0,not_applicable
source,35209,neptune,dos,1,not_applicable
source,64656,normal,normal,0,not_applicable
source,115531,normal,normal,0,not_applicable
source,66573,normal,normal,0,not_applicable
source,98787,neptune,dos,1,not_applicable
source,62818,neptune,dos,1,not_applicable
source,11221,neptune,dos,1,not_applicable
source,73208,neptune,dos,1,not_applicable
source,66547,neptune,dos,1,not_applicable
source,48274,normal,normal,0,not_applicable
source,13631,normal,normal,0,not_applicable
source,5965,normal,normal,0,not_applicable
source,5961,normal,normal,0,not_applicable
source,90459,normal,normal,0,not_applicable
source,53792,normal,normal,0,not_applicable
source,37243,normal,normal,0,not_applicable
source,89638,normal,normal,0,not_applicable
source,86164,neptune,dos,1,not_applicable
source,108551,normal,normal,0,not_applicable
source,36822,normal,normal,0,not_applicable
source,65673,normal,normal,0,not_applicable
source,120013,neptune,dos,1,not_applicable
source,55808,smurf,dos,1,not_applicable
source,84185,normal,normal,0,not_applicable
source,123223,neptune,dos,1,not_applicable
source,124910,neptune,dos,1,not_applicable
source,95673,neptune,dos,1,not_applicable
source,71842,normal,normal,0,not_applicable
source,22755,normal,normal,0,not_applicable
source,44552,normal,normal,0,not_applicable
source,53398,neptune,dos,1,not_applicable
source,125670,neptune,dos,1,not_applicable
source,12235,neptune,dos,1,not_applicable
source,69869,normal,normal,0,not_applicable
source,114863,teardrop,dos,1,not_applicable
source,76156,normal,normal,0,not_applicable
source,74764,neptune,dos,1,not_applicable
source,17594,neptune,dos,1,not_applicable
source,11683,normal,normal,0,not_applicable
source,107954,neptune,dos,1,not_applicable
source,42626,normal,normal,0,not_applicable
source,125964,neptune,dos,1,not_applicable
source,62535,neptune,dos,1,not_applicable
source,63943,normal,normal,0,not_applicable
source,111165,neptune,dos,1,not_applicable
source,55068,normal,normal,0,not_applicable
source,30510,neptune,dos,1,not_applicable
source,113124,neptune,dos,1,not_applicable
source,20855,neptune,dos,1,not_applicable
source,41391,normal,normal,0,not_applicable
source,6119,normal,normal,0,not_applicable
source,29119,normal,normal,0,not_applicable
source,45918,neptune,dos,1,not_applicable
source,120398,neptune,dos,1,not_applicable
source,4570,neptune,dos,1,not_applicable
source,29745,neptune,dos,1,not_applicable
source,26945,normal,normal,0,not_applicable
source,114412,normal,normal,0,not_applicable
source,115021,back,dos,1,not_applicable
source,62512,smurf,dos,1,not_applicable
source,65997,smurf,dos,1,not_applicable
source,31812,neptune,dos,1,not_applicable
source,6081,normal,normal,0,not_applicable
source,61824,neptune,dos,1,not_applicable
source,54176,smurf,dos,1,not_applicable
source,14162,neptune,dos,1,not_applicable
source,107069,neptune,dos,1,not_applicable
source,112489,normal,normal,0,not_applicable
source,103684,neptune,dos,1,not_applicable
source,121505,neptune,dos,1,not_applicable
source,22745,neptune,dos,1,not_applicable
source,111125,normal,normal,0,not_applicable
source,80796,neptune,dos,1,not_applicable
source,18014,normal,normal,0,not_applicable
source,67039,normal,normal,0,not_applicable
source,31047,neptune,dos,1,not_applicable
source,97579,normal,normal,0,not_applicable
source,22861,neptune,dos,1,not_applicable
source,79591,neptune,dos,1,not_applicable
source,40355,neptune,dos,1,not_applicable
source,18568,normal,normal,0,not_applicable
source,9286,neptune,dos,1,not_applicable
source,4605,neptune,dos,1,not_applicable
source,17963,normal,normal,0,not_applicable
source,88072,normal,normal,0,not_applicable
source,100807,normal,normal,0,not_applicable
source,37947,neptune,dos,1,not_applicable
source,3248,neptune,dos,1,not_applicable
source,103174,normal,normal,0,not_applicable
source,87912,normal,normal,0,not_applicable
source,33879,neptune,dos,1,not_applicable
source,10417,neptune,dos,1,not_applicable
source,4040,normal,normal,0,not_applicable
source,72187,normal,normal,0,not_applicable
source,41548,normal,normal,0,not_applicable
source,89383,neptune,dos,1,not_applicable
source,100967,normal,normal,0,not_applicable
source,57430,neptune,dos,1,not_applicable
source,54938,normal,normal,0,not_applicable
source,23790,normal,normal,0,not_applicable
source,3950,normal,normal,0,not_applicable
source,19108,neptune,dos,1,not_applicable
source,72635,normal,normal,0,not_applicable
source,107225,normal,normal,0,not_applicable
source,95805,normal,normal,0,not_applicable
source,71853,neptune,dos,1,not_applicable
source,119045,normal,normal,0,not_applicable
source,103803,neptune,dos,1,not_applicable
source,90979,normal,normal,0,not_applicable
source,83761,neptune,dos,1,not_applicable
source,34543,normal,normal,0,not_applicable
source,44202,normal,normal,0,not_applicable
source,43164,neptune,dos,1,not_applicable
source,88619,normal,normal,0,not_applicable
source,43784,neptune,dos,1,not_applicable
source,14019,normal,normal,0,not_applicable
source,71287,back,dos,1,not_applicable
source,77782,normal,normal,0,not_applicable
source,74064,neptune,dos,1,not_applicable
source,95847,neptune,dos,1,not_applicable
source,117496,neptune,dos,1,not_applicable
source,28906,normal,normal,0,not_applicable
source,18634,normal,normal,0,not_applicable
source,52506,normal,normal,0,not_applicable
source,1940,normal,normal,0,not_applicable
source,112343,neptune,dos,1,not_applicable
source,29931,back,dos,1,not_applicable
source,123234,neptune,dos,1,not_applicable
source,66302,neptune,dos,1,not_applicable
source,67422,neptune,dos,1,not_applicable
source,29973,neptune,dos,1,not_applicable
source,95603,normal,normal,0,not_applicable
source,121510,normal,normal,0,not_applicable
source,81502,normal,normal,0,not_applicable
source,109064,normal,normal,0,not_applicable
source,92850,neptune,dos,1,not_applicable
source,85343,normal,normal,0,not_applicable
source,13862,normal,normal,0,not_applicable
source,84690,neptune,dos,1,not_applicable
source,2682,neptune,dos,1,not_applicable
source,45357,neptune,dos,1,not_applicable
source,15740,normal,normal,0,not_applicable
source,75813,neptune,dos,1,not_applicable
source,52297,normal,normal,0,not_applicable
source,99966,neptune,dos,1,not_applicable
source,122299,neptune,dos,1,not_applicable
source,56640,normal,normal,0,not_applicable
source,96276,normal,normal,0,not_applicable
source,102959,normal,normal,0,not_applicable
source,8500,normal,normal,0,not_applicable
source,14098,pod,dos,1,not_applicable
source,74582,neptune,dos,1,not_applicable
source,115932,normal,normal,0,not_applicable
source,109486,normal,normal,0,not_applicable
source,7476,normal,normal,0,not_applicable
source,90475,normal,normal,0,not_applicable
source,35746,neptune,dos,1,not_applicable
source,105053,neptune,dos,1,not_applicable
source,109565,normal,normal,0,not_applicable
source,8522,normal,normal,0,not_applicable
source,117333,neptune,dos,1,not_applicable
source,66706,neptune,dos,1,not_applicable
source,68370,normal,normal,0,not_applicable
source,120066,neptune,dos,1,not_applicable
source,60655,neptune,dos,1,not_applicable
source,47484,neptune,dos,1,not_applicable
source,44439,normal,normal,0,not_applicable
source,54634,smurf,dos,1,not_applicable
source,82981,normal,normal,0,not_applicable
source,107488,neptune,dos,1,not_applicable
source,20489,normal,normal,0,not_applicable
source,61645,normal,normal,0,not_applicable
source,52087,neptune,dos,1,not_applicable
source,59063,normal,normal,0,not_applicable
source,40069,neptune,dos,1,not_applicable
source,78198,neptune,dos,1,not_applicable
source,88219,neptune,dos,1,not_applicable
source,28642,normal,normal,0,not_applicable
source,74534,normal,normal,0,not_applicable
source,17042,normal,normal,0,not_applicable
source,75853,normal,normal,0,not_applicable
source,114237,normal,normal,0,not_applicable
source,66355,neptune,dos,1,not_applicable
source,82957,neptune,dos,1,not_applicable
source,107711,neptune,dos,1,not_applicable
source,104256,neptune,dos,1,not_applicable
source,118385,normal,normal,0,not_applicable
source,116370,neptune,dos,1,not_applicable
source,93429,normal,normal,0,not_applicable
source,29473,back,dos,1,not_applicable
source,122424,normal,normal,0,not_applicable
source,61098,normal,normal,0,not_applicable
source,21482,neptune,dos,1,not_applicable
source,188,normal,normal,0,not_applicable
source,42911,normal,normal,0,not_applicable
source,124250,normal,normal,0,not_applicable
source,64582,neptune,dos,1,not_applicable
source,88099,neptune,dos,1,not_applicable
source,77155,normal,normal,0,not_applicable
source,31324,normal,normal,0,not_applicable
source,120843,normal,normal,0,not_applicable
source,48691,neptune,dos,1,not_applicable
source,98251,neptune,dos,1,not_applicable
source,70413,normal,normal,0,not_applicable
source,94621,neptune,dos,1,not_applicable
source,10633,neptune,dos,1,not_applicable
source,47706,normal,normal,0,not_applicable
source,125889,neptune,dos,1,not_applicable
source,36084,neptune,dos,1,not_applicable
source,115594,neptune,dos,1,not_applicable
source,105709,normal,normal,0,not_applicable
source,31814,normal,normal,0,not_applicable
source,32946,neptune,dos,1,not_applicable
source,12001,normal,normal,0,not_applicable
source,124266,neptune,dos,1,not_applicable
source,13304,normal,normal,0,not_applicable
source,84270,neptune,dos,1,not_applicable
source,62683,neptune,dos,1,not_applicable
source,57807,normal,normal,0,not_applicable
source,109566,normal,normal,0,not_applicable
source,33709,neptune,dos,1,not_applicable
source,66275,neptune,dos,1,not_applicable
source,125255,neptune,dos,1,not_applicable
source,45065,normal,normal,0,not_applicable
source,117646,neptune,dos,1,not_applicable
source,81196,neptune,dos,1,not_applicable
source,70856,neptune,dos,1,not_applicable
source,85808,back,dos,1,not_applicable
source,122032,neptune,dos,1,not_applicable
source,17102,normal,normal,0,not_applicable
source,74613,normal,normal,0,not_applicable
source,95996,normal,normal,0,not_applicable
source,100105,normal,normal,0,not_applicable
source,23246,neptune,dos,1,not_applicable
source,101390,neptune,dos,1,not_applicable
source,76304,neptune,dos,1,not_applicable
source,16912,normal,normal,0,not_applicable
source,61995,neptune,dos,1,not_applicable
source,122270,normal,normal,0,not_applicable
source,11611,neptune,dos,1,not_applicable
source,112993,normal,normal,0,not_applicable
source,38220,neptune,dos,1,not_applicable
source,117612,normal,normal,0,not_applicable
source,37874,normal,normal,0,not_applicable
source,96759,normal,normal,0,not_applicable
source,23665,neptune,dos,1,not_applicable
source,84227,normal,normal,0,not_applicable
source,71030,neptune,dos,1,not_applicable
source,46563,neptune,dos,1,not_applicable
source,115937,pod,dos,1,not_applicable
source,94114,normal,normal,0,not_applicable
source,76971,neptune,dos,1,not_applicable
source,110962,neptune,dos,1,not_applicable
source,77786,neptune,dos,1,not_applicable
source,113979,normal,normal,0,not_applicable
source,57867,normal,normal,0,not_applicable
source,104420,neptune,dos,1,not_applicable
source,49367,normal,normal,0,not_applicable
source,67054,neptune,dos,1,not_applicable
source,14702,neptune,dos,1,not_applicable
source,15047,normal,normal,0,not_applicable
source,122586,neptune,dos,1,not_applicable
source,125251,normal,normal,0,not_applicable
source,68634,neptune,dos,1,not_applicable
source,43832,normal,normal,0,not_applicable
source,51582,normal,normal,0,not_applicable
source,117157,neptune,dos,1,not_applicable
source,96337,normal,normal,0,not_applicable
source,60096,neptune,dos,1,not_applicable
source,36696,neptune,dos,1,not_applicable
source,59075,neptune,dos,1,not_applicable
source,59634,neptune,dos,1,not_applicable
source,90146,neptune,dos,1,not_applicable
source,34818,neptune,dos,1,not_applicable
source,54296,normal,normal,0,not_applicable
source,66713,neptune,dos,1,not_applicable
source,51373,normal,normal,0,not_applicable
source,11589,normal,normal,0,not_applicable
source,105767,neptune,dos,1,not_applicable
source,4514,normal,normal,0,not_applicable
source,80726,normal,normal,0,not_applicable
source,21194,normal,normal,0,not_applicable
source,35888,neptune,dos,1,not_applicable
source,39133,normal,normal,0,not_applicable
source,97847,normal,normal,0,not_applicable
source,63666,neptune,dos,1,not_applicable
source,70577,normal,normal,0,not_applicable
source,57572,neptune,dos,1,not_applicable
source,57204,normal,normal,0,not_applicable
source,125237,normal,normal,0,not_applicable
source,103441,neptune,dos,1,not_applicable
source,12036,neptune,dos,1,not_applicable
source,9142,normal,normal,0,not_applicable
source,101849,neptune,dos,1,not_applicable
source,70892,neptune,dos,1,not_applicable
source,118242,neptune,dos,1,not_applicable
source,47172,neptune,dos,1,not_applicable
source,41598,neptune,dos,1,not_applicable
source,26321,neptune,dos,1,not_applicable
source,46225,normal,normal,0,not_applicable
source,35716,neptune,dos,1,not_applicable
source,39427,normal,normal,0,not_applicable
source,88201,normal,normal,0,not_applicable
source,69405,neptune,dos,1,not_applicable
source,100844,neptune,dos,1,not_applicable
source,65507,normal,normal,0,not_applicable
source,78626,smurf,dos,1,not_applicable
source,57285,neptune,dos,1,not_applicable
source,21420,neptune,dos,1,not_applicable
source,11818,normal,normal,0,not_applicable
source,58024,normal,normal,0,not_applicable
source,24918,normal,normal,0,not_applicable
source,28768,neptune,dos,1,not_applicable
source,29044,neptune,dos,1,not_applicable
source,1975,normal,normal,0,not_applicable
source,26499,normal,normal,0,not_applicable
source,34681,neptune,dos,1,not_applicable
source,100965,normal,normal,0,not_applicable
source,101693,normal,normal,0,not_applicable
source,82538,normal,normal,0,not_applicable
source,115517,smurf,dos,1,not_applicable
source,55252,smurf,dos,1,not_applicable
source,32332,neptune,dos,1,not_applicable
source,83796,neptune,dos,1,not_applicable
source,94263,neptune,dos,1,not_applicable
source,93525,normal,normal,0,not_applicable
source,62059,teardrop,dos,1,not_applicable
source,44902,neptune,dos,1,not_applicable
source,90796,normal,normal,0,not_applicable
source,85079,normal,normal,0,not_applicable
source,93458,normal,normal,0,not_applicable
source,54096,neptune,dos,1,not_applicable
source,33894,normal,normal,0,not_applicable
source,17945,normal,normal,0,not_applicable
source,90956,normal,normal,0,not_applicable
source,57481,normal,normal,0,not_applicable
source,15362,neptune,dos,1,not_applicable
source,71242,normal,normal,0,not_applicable
source,117002,normal,normal,0,not_applicable
source,50348,neptune,dos,1,not_applicable
source,78070,normal,normal,0,not_applicable
source,16306,normal,normal,0,not_applicable
source,93334,neptune,dos,1,not_applicable
source,110815,neptune,dos,1,not_applicable
source,56992,neptune,dos,1,not_applicable
source,97087,normal,normal,0,not_applicable
source,111634,normal,normal,0,not_applicable
source,82594,normal,normal,0,not_applicable
source,125372,normal,normal,0,not_applicable
source,73651,neptune,dos,1,not_applicable
source,72041,normal,normal,0,not_applicable
source,26483,neptune,dos,1,not_applicable
source,57360,normal,normal,0,not_applicable
source,18805,neptune,dos,1,not_applicable
source,64203,normal,normal,0,not_applicable
source,119800,normal,normal,0,not_applicable
source,16411,neptune,dos,1,not_applicable
source,120419,neptune,dos,1,not_applicable
source,115833,normal,normal,0,not_applicable
source,49032,normal,normal,0,not_applicable
source,58849,normal,normal,0,not_applicable
source,15853,neptune,dos,1,not_applicable
source,80264,normal,normal,0,not_applicable
source,75333,neptune,dos,1,not_applicable
source,74329,neptune,dos,1,not_applicable
source,20565,neptune,dos,1,not_applicable
source,123623,neptune,dos,1,not_applicable
source,96631,neptune,dos,1,not_applicable
source,6936,normal,normal,0,not_applicable
source,92435,neptune,dos,1,not_applicable
source,55210,normal,normal,0,not_applicable
source,47243,neptune,dos,1,not_applicable
source,19960,normal,normal,0,not_applicable
source,9744,neptune,dos,1,not_applicable
source,110641,normal,normal,0,not_applicable
source,60111,normal,normal,0,not_applicable
source,51692,normal,normal,0,not_applicable
source,106256,neptune,dos,1,not_applicable
source,95852,normal,normal,0,not_applicable
source,71042,neptune,dos,1,not_applicable
source,99064,neptune,dos,1,not_applicable
source,20388,neptune,dos,1,not_applicable
source,107987,neptune,dos,1,not_applicable
source,21645,normal,normal,0,not_applicable
source,15088,neptune,dos,1,not_applicable
source,812,neptune,dos,1,not_applicable
source,77689,neptune,dos,1,not_applicable
source,65314,neptune,dos,1,not_applicable
source,8658,neptune,dos,1,not_applicable
source,76858,normal,normal,0,not_applicable
source,85261,normal,normal,0,not_applicable
source,98067,smurf,dos,1,not_applicable
source,3804,normal,normal,0,not_applicable
source,52083,neptune,dos,1,not_applicable
source,7125,neptune,dos,1,not_applicable
source,26897,normal,normal,0,not_applicable
source,67098,normal,normal,0,not_applicable
source,10125,normal,normal,0,not_applicable
source,81258,normal,normal,0,not_applicable
source,62670,neptune,dos,1,not_applicable
source,44059,normal,normal,0,not_applicable
source,61999,normal,normal,0,not_applicable
source,63255,normal,normal,0,not_applicable
source,114462,normal,normal,0,not_applicable
source,120084,normal,normal,0,not_applicable
source,9586,normal,normal,0,not_applicable
source,8273,neptune,dos,1,not_applicable
source,16937,neptune,dos,1,not_applicable
source,30027,neptune,dos,1,not_applicable
source,23969,neptune,dos,1,not_applicable
source,93599,neptune,dos,1,not_applicable
source,51078,normal,normal,0,not_applicable
source,22665,normal,normal,0,not_applicable
source,118377,neptune,dos,1,not_applicable
source,70764,normal,normal,0,not_applicable
source,5147,neptune,dos,1,not_applicable
source,61962,neptune,dos,1,not_applicable
source,104996,neptune,dos,1,not_applicable
source,98272,smurf,dos,1,not_applicable
source,12358,neptune,dos,1,not_applicable
source,85652,normal,normal,0,not_applicable
source,68733,normal,normal,0,not_applicable
source,71254,neptune,dos,1,not_applicable
source,82489,neptune,dos,1,not_applicable
source,41508,neptune,dos,1,not_applicable
source,107213,normal,normal,0,not_applicable
source,66675,neptune,dos,1,not_applicable
source,44301,neptune,dos,1,not_applicable
source,73245,normal,normal,0,not_applicable
source,53875,normal,normal,0,not_applicable
source,97772,normal,normal,0,not_applicable
source,4661,neptune,dos,1,not_applicable
source,36665,normal,normal,0,not_applicable
source,28910,neptune,dos,1,not_applicable
source,58981,neptune,dos,1,not_applicable
source,27358,neptune,dos,1,not_applicable
source,39602,neptune,dos,1,not_applicable
source,68609,neptune,dos,1,not_applicable
source,104710,smurf,dos,1,not_applicable
source,72143,normal,normal,0,not_applicable
source,84697,neptune,dos,1,not_applicable
source,93769,normal,normal,0,not_applicable
source,36438,normal,normal,0,not_applicable
source,12354,normal,normal,0,not_applicable
source,25562,neptune,dos,1,not_applicable
source,92859,normal,normal,0,not_applicable
source,14008,normal,normal,0,not_applicable
source,108224,normal,normal,0,not_applicable
source,73277,normal,normal,0,not_applicable
source,86698,neptune,dos,1,not_applicable
source,45222,normal,normal,0,not_applicable
source,113436,normal,normal,0,not_applicable
source,18521,neptune,dos,1,not_applicable
source,35884,normal,normal,0,not_applicable
source,116243,neptune,dos,1,not_applicable
source,290,normal,normal,0,not_applicable
source,108951,neptune,dos,1,not_applicable
source,21544,normal,normal,0,not_applicable
source,69260,normal,normal,0,not_applicable
source,25241,neptune,dos,1,not_applicable
source,32677,normal,normal,0,not_applicable
source,48994,normal,normal,0,not_applicable
source,120857,normal,normal,0,not_applicable
source,90512,neptune,dos,1,not_applicable
source,11968,neptune,dos,1,not_applicable
source,45999,normal,normal,0,not_applicable
source,41404,neptune,dos,1,not_applicable
source,29742,normal,normal,0,not_applicable
source,121465,normal,normal,0,not_applicable
source,11973,normal,normal,0,not_applicable
source,17722,neptune,dos,1,not_applicable
source,31827,neptune,dos,1,not_applicable
source,113674,neptune,dos,1,not_applicable
source,98443,normal,normal,0,not_applicable
source,44580,normal,normal,0,not_applicable
source,123203,neptune,dos,1,not_applicable
source,271,neptune,dos,1,not_applicable
source,104590,neptune,dos,1,not_applicable
source,18708,neptune,dos,1,not_applicable
source,74893,normal,normal,0,not_applicable
source,15252,normal,normal,0,not_applicable
source,105208,neptune,dos,1,not_applicable
source,56541,normal,normal,0,not_applicable
source,10312,smurf,dos,1,not_applicable
source,3716,normal,normal,0,not_applicable
source,67677,normal,normal,0,not_applicable
source,5273,normal,normal,0,not_applicable
source,62960,normal,normal,0,not_applicable
source,51379,neptune,dos,1,not_applicable
source,38078,neptune,dos,1,not_applicable
source,44985,neptune,dos,1,not_applicable
source,22991,neptune,dos,1,not_applicable
source,89863,normal,normal,0,not_applicable
source,53732,normal,normal,0,not_applicable
source,56195,smurf,dos,1,not_applicable
source,24743,normal,normal,0,not_applicable
source,118081,normal,normal,0,not_applicable
source,59082,normal,normal,0,not_applicable
source,14998,normal,normal,0,not_applicable
source,19822,neptune,dos,1,not_applicable
source,97758,normal,normal,0,not_applicable
source,41556,normal,normal,0,not_applicable
source,77781,neptune,dos,1,not_applicable
source,77218,normal,normal,0,not_applicable
source,51547,normal,normal,0,not_applicable
source,31888,neptune,dos,1,not_applicable
source,33098,neptune,dos,1,not_applicable
source,20770,neptune,dos,1,not_applicable
source,33586,normal,normal,0,not_applicable
source,125040,neptune,dos,1,not_applicable
source,52799,normal,normal,0,not_applicable
source,118764,normal,normal,0,not_applicable
source,87949,normal,normal,0,not_applicable
source,30311,neptune,dos,1,not_applicable
source,35669,normal,normal,0,not_applicable
source,11898,normal,normal,0,not_applicable
source,75793,normal,normal,0,not_applicable
source,106252,neptune,dos,1,not_applicable
source,9893,normal,normal,0,not_applicable
source,125401,neptune,dos,1,not_applicable
source,34583,neptune,dos,1,not_applicable
source,76656,normal,normal,0,not_applicable
source,56137,normal,normal,0,not_applicable
source,25244,normal,normal,0,not_applicable
source,50121,normal,normal,0,not_applicable
source,123392,teardrop,dos,1,not_applicable
source,90757,normal,normal,0,not_applicable
source,32277,neptune,dos,1,not_applicable
source,62559,neptune,dos,1,not_applicable
source,98038,normal,normal,0,not_applicable
source,3051,normal,normal,0,not_applicable
source,7456,normal,normal,0,not_applicable
source,91594,teardrop,dos,1,not_applicable
source,76317,neptune,dos,1,not_applicable
source,46246,normal,normal,0,not_applicable
source,40219,neptune,dos,1,not_applicable
source,28158,neptune,dos,1,not_applicable
source,36809,neptune,dos,1,not_applicable
source,10402,normal,normal,0,not_applicable
source,115719,normal,normal,0,not_applicable
source,63025,normal,normal,0,not_applicable
source,63574,normal,normal,0,not_applicable
source,33095,neptune,dos,1,not_applicable
source,43897,neptune,dos,1,not_applicable
source,92716,neptune,dos,1,not_applicable
source,52150,teardrop,dos,1,not_applicable
source,7472,neptune,dos,1,not_applicable
source,65312,neptune,dos,1,not_applicable
source,46433,neptune,dos,1,not_applicable
source,87954,normal,normal,0,not_applicable
source,52522,neptune,dos,1,not_applicable
source,44838,neptune,dos,1,not_applicable
source,36232,neptune,dos,1,not_applicable
source,41158,neptune,dos,1,not_applicable
source,6012,normal,normal,0,not_applicable
source,93099,normal,normal,0,not_applicable
source,52117,normal,normal,0,not_applicable
source,45686,neptune,dos,1,not_applicable
source,30665,neptune,dos,1,not_applicable
source,59365,neptune,dos,1,not_applicable
source,118924,normal,normal,0,not_applicable
source,21360,normal,normal,0,not_applicable
source,32279,normal,normal,0,not_applicable
source,104763,normal,normal,0,not_applicable
source,84627,normal,normal,0,not_applicable
source,40576,neptune,dos,1,not_applicable
source,101352,normal,normal,0,not_applicable
source,115765,normal,normal,0,not_applicable
source,83481,back,dos,1,not_applicable
source,45212,normal,normal,0,not_applicable
source,46982,normal,normal,0,not_applicable
source,56851,normal,normal,0,not_applicable
source,82156,neptune,dos,1,not_applicable
source,122722,neptune,dos,1,not_applicable
source,50209,back,dos,1,not_applicable
source,109032,normal,normal,0,not_applicable
source,104745,normal,normal,0,not_applicable
source,93205,normal,normal,0,not_applicable
source,66527,neptune,dos,1,not_applicable
source,118627,neptune,dos,1,not_applicable
source,71446,normal,normal,0,not_applicable
source,101978,normal,normal,0,not_applicable
source,71291,normal,normal,0,not_applicable
source,71533,normal,normal,0,not_applicable
source,91001,normal,normal,0,not_applicable
source,72297,normal,normal,0,not_applicable
source,28894,neptune,dos,1,not_applicable
source,2934,pod,dos,1,not_applicable
source,23489,neptune,dos,1,not_applicable
source,36847,normal,normal,0,not_applicable
source,76454,neptune,dos,1,not_applicable
source,50618,normal,normal,0,not_applicable
source,83614,neptune,dos,1,not_applicable
source,124580,normal,normal,0,not_applicable
source,20878,normal,normal,0,not_applicable
source,56493,neptune,dos,1,not_applicable
source,107199,normal,normal,0,not_applicable
source,95881,normal,normal,0,not_applicable
source,10341,normal,normal,0,not_applicable
source,60701,neptune,dos,1,not_applicable
source,85367,normal,normal,0,not_applicable
source,18498,back,dos,1,not_applicable
source,2331,teardrop,dos,1,not_applicable
source,3260,normal,normal,0,not_applicable
source,75087,neptune,dos,1,not_applicable
source,77939,neptune,dos,1,not_applicable
source,65166,normal,normal,0,not_applicable
source,50722,neptune,dos,1,not_applicable
source,57757,normal,normal,0,not_applicable
source,57558,neptune,dos,1,not_applicable
source,50758,neptune,dos,1,not_applicable
source,19262,neptune,dos,1,not_applicable
source,84089,normal,normal,0,not_applicable
source,39830,smurf,dos,1,not_applicable
source,80514,neptune,dos,1,not_applicable
source,63712,neptune,dos,1,not_applicable
source,33302,normal,normal,0,not_applicable
source,56028,normal,normal,0,not_applicable
source,106551,neptune,dos,1,not_applicable
source,55751,neptune,dos,1,not_applicable
source,10005,smurf,dos,1,not_applicable
source,13604,normal,normal,0,not_applicable
source,9040,normal,normal,0,not_applicable
source,116679,normal,normal,0,not_applicable
source,43877,normal,normal,0,not_applicable
source,103906,neptune,dos,1,not_applicable
source,70917,neptune,dos,1,not_applicable
source,320,normal,normal,0,not_applicable
source,67377,normal,normal,0,not_applicable
source,60703,neptune,dos,1,not_applicable
source,9086,normal,normal,0,not_applicable
source,92499,neptune,dos,1,not_applicable
source,44391,normal,normal,0,not_applicable
source,22509,normal,normal,0,not_applicable
source,106802,normal,normal,0,not_applicable
source,16122,normal,normal,0,not_applicable
source,99353,neptune,dos,1,not_applicable
source,92842,normal,normal,0,not_applicable
source,18345,back,dos,1,not_applicable
source,115350,neptune,dos,1,not_applicable
source,3695,neptune,dos,1,not_applicable
source,28098,neptune,dos,1,not_applicable
source,5520,neptune,dos,1,not_applicable
source,50349,normal,normal,0,not_applicable
source,82816,neptune,dos,1,not_applicable
source,112382,normal,normal,0,not_applicable
source,77064,neptune,dos,1,not_applicable
source,5173,normal,normal,0,not_applicable
source,9020,normal,normal,0,not_applicable
source,93560,neptune,dos,1,not_applicable
source,27366,neptune,dos,1,not_applicable
source,53851,normal,normal,0,not_applicable
source,103973,neptune,dos,1,not_applicable
source,40520,smurf,dos,1,not_applicable
source,58574,normal,normal,0,not_applicable
source,65076,neptune,dos,1,not_applicable
source,116125,normal,normal,0,not_applicable
source,14815,normal,normal,0,not_applicable
source,93856,neptune,dos,1,not_applicable
source,2118,neptune,dos,1,not_applicable
source,99107,neptune,dos,1,not_applicable
source,39693,normal,normal,0,not_applicable
source,92873,normal,normal,0,not_applicable
source,25286,normal,normal,0,not_applicable
source,7646,neptune,dos,1,not_applicable
source,71569,normal,normal,0,not_applicable
source,113197,neptune,dos,1,not_applicable
source,97921,normal,normal,0,not_applicable
source,33773,normal,normal,0,not_applicable
source,112120,normal,normal,0,not_applicable
source,95158,neptune,dos,1,not_applicable
source,24640,normal,normal,0,not_applicable
source,34475,neptune,dos,1,not_applicable
source,18788,normal,normal,0,not_applicable
source,49120,normal,normal,0,not_applicable
source,62453,normal,normal,0,not_applicable
source,36228,neptune,dos,1,not_applicable
source,5391,neptune,dos,1,not_applicable
source,108908,neptune,dos,1,not_applicable
source,120067,neptune,dos,1,not_applicable
source,1420,back,dos,1,not_applicable
source,73529,neptune,dos,1,not_applicable
source,105190,normal,normal,0,not_applicable
source,24551,neptune,dos,1,not_applicable
source,70369,normal,normal,0,not_applicable
source,54978,normal,normal,0,not_applicable
source,66372,normal,normal,0,not_applicable
source,120364,neptune,dos,1,not_applicable
source,100016,back,dos,1,not_applicable
source,80086,normal,normal,0,not_applicable
source,46765,neptune,dos,1,not_applicable
source,28914,normal,normal,0,not_applicable
source,114856,normal,normal,0,not_applicable
source,82370,neptune,dos,1,not_applicable
source,102689,normal,normal,0,not_applicable
source,102119,neptune,dos,1,not_applicable
source,102195,normal,normal,0,not_applicable
source,36956,neptune,dos,1,not_applicable
source,18823,neptune,dos,1,not_applicable
source,63039,neptune,dos,1,not_applicable
source,123976,normal,normal,0,not_applicable
source,58485,neptune,dos,1,not_applicable
source,35133,neptune,dos,1,not_applicable
source,35698,neptune,dos,1,not_applicable
source,118476,neptune,dos,1,not_applicable
source,85845,normal,normal,0,not_applicable
source,83951,neptune,dos,1,not_applicable
source,117780,neptune,dos,1,not_applicable
source,57353,normal,normal,0,not_applicable
source,57313,neptune,dos,1,not_applicable
source,84535,normal,normal,0,not_applicable
source,108396,back,dos,1,not_applicable
source,59940,normal,normal,0,not_applicable
source,4571,neptune,dos,1,not_applicable
source,71536,normal,normal,0,not_applicable
source,97500,normal,normal,0,not_applicable
source,16316,normal,normal,0,not_applicable
source,4872,normal,normal,0,not_applicable
source,66230,neptune,dos,1,not_applicable
source,29077,neptune,dos,1,not_applicable
source,109668,neptune,dos,1,not_applicable
source,88879,neptune,dos,1,not_applicable
source,43481,normal,normal,0,not_applicable
source,6600,normal,normal,0,not_applicable
source,117614,neptune,dos,1,not_applicable
source,15331,normal,normal,0,not_applicable
source,63381,normal,normal,0,not_applicable
source,2600,normal,normal,0,not_applicable
source,15592,normal,normal,0,not_applicable
source,36303,normal,normal,0,not_applicable
source,31789,neptune,dos,1,not_applicable
source,70638,neptune,dos,1,not_applicable
source,71206,normal,normal,0,not_applicable
source,4300,normal,normal,0,not_applicable
source,113668,neptune,dos,1,not_applicable
source,40857,normal,normal,0,not_applicable
source,63521,neptune,dos,1,not_applicable
source,61341,neptune,dos,1,not_applicable
source,31830,teardrop,dos,1,not_applicable
source,85357,normal,normal,0,not_applicable
source,115123,normal,normal,0,not_applicable
source,5770,neptune,dos,1,not_applicable
source,103053,neptune,dos,1,not_applicable
source,100453,normal,normal,0,not_applicable
source,115260,neptune,dos,1,not_applicable
source,63720,normal,normal,0,not_applicable
source,48884,neptune,dos,1,not_applicable
source,110040,neptune,dos,1,not_applicable
source,121675,neptune,dos,1,not_applicable
source,5950,normal,normal,0,not_applicable
source,100088,normal,normal,0,not_applicable
source,8558,normal,normal,0,not_applicable
source,117951,neptune,dos,1,not_applicable
source,103177,neptune,dos,1,not_applicable
source,58070,neptune,dos,1,not_applicable
source,58426,normal,normal,0,not_applicable
source,106607,neptune,dos,1,not_applicable
source,74859,neptune,dos,1,not_applicable
source,54349,neptune,dos,1,not_applicable
source,96566,teardrop,dos,1,not_applicable
source,17439,normal,normal,0,not_applicable
source,43917,normal,normal,0,not_applicable
source,12865,normal,normal,0,not_applicable
source,110823,normal,normal,0,not_applicable
source,22993,normal,normal,0,not_applicable
source,16565,neptune,dos,1,not_applicable
source,111379,neptune,dos,1,not_applicable
source,65151,neptune,dos,1,not_applicable
source,42770,normal,normal,0,not_applicable
source,45860,normal,normal,0,not_applicable
source,50668,normal,normal,0,not_applicable
source,86802,normal,normal,0,not_applicable
source,122337,normal,normal,0,not_applicable
source,109012,normal,normal,0,not_applicable
source,65713,normal,normal,0,not_applicable
source,49512,normal,normal,0,not_applicable
source,74511,neptune,dos,1,not_applicable
source,52804,normal,normal,0,not_applicable
source,85495,normal,normal,0,not_applicable
source,85569,normal,normal,0,not_applicable
source,27449,normal,normal,0,not_applicable
source,10067,neptune,dos,1,not_applicable
source,103142,neptune,dos,1,not_applicable
source,52565,normal,normal,0,not_applicable
source,18052,neptune,dos,1,not_applicable
source,123778,normal,normal,0,not_applicable
source,20422,normal,normal,0,not_applicable
source,2724,normal,normal,0,not_applicable
source,38997,normal,normal,0,not_applicable
source,81656,neptune,dos,1,not_applicable
source,98669,neptune,dos,1,not_applicable
source,80395,normal,normal,0,not_applicable
source,800,normal,normal,0,not_applicable
source,91374,normal,normal,0,not_applicable
source,80669,normal,normal,0,not_applicable
source,112387,neptune,dos,1,not_applicable
source,85550,neptune,dos,1,not_applicable
source,64080,neptune,dos,1,not_applicable
source,70179,neptune,dos,1,not_applicable
source,100542,normal,normal,0,not_applicable
source,102020,normal,normal,0,not_applicable
source,73395,normal,normal,0,not_applicable
source,82719,teardrop,dos,1,not_applicable
source,12579,smurf,dos,1,not_applicable
source,78975,normal,normal,0,not_applicable
source,84038,normal,normal,0,not_applicable
source,79850,normal,normal,0,not_applicable
source,86888,normal,normal,0,not_applicable
source,60013,neptune,dos,1,not_applicable
source,95386,normal,normal,0,not_applicable
source,17120,normal,normal,0,not_applicable
source,124729,normal,normal,0,not_applicable
source,120948,neptune,dos,1,not_applicable
source,48609,neptune,dos,1,not_applicable
source,73289,normal,normal,0,not_applicable
source,50078,neptune,dos,1,not_applicable
source,1046,normal,normal,0,not_applicable
source,120223,neptune,dos,1,not_applicable
source,96810,normal,normal,0,not_applicable
source,35860,smurf,dos,1,not_applicable
source,88081,neptune,dos,1,not_applicable
source,110565,normal,normal,0,not_applicable
source,54516,normal,normal,0,not_applicable
source,14064,normal,normal,0,not_applicable
source,38696,normal,normal,0,not_applicable
source,7444,normal,normal,0,not_applicable
source,51516,neptune,dos,1,not_applicable
source,67221,normal,normal,0,not_applicable
source,49659,normal,normal,0,not_applicable
source,84760,neptune,dos,1,not_applicable
source,104578,neptune,dos,1,not_applicable
source,11577,neptune,dos,1,not_applicable
source,93036,neptune,dos,1,not_applicable
source,112151,normal,normal,0,not_applicable
source,39554,neptune,dos,1,not_applicable
source,44743,normal,normal,0,not_applicable
source,74670,normal,normal,0,not_applicable
source,51377,normal,normal,0,not_applicable
source,52666,neptune,dos,1,not_applicable
source,28430,neptune,dos,1,not_applicable
source,15117,normal,normal,0,not_applicable
source,71036,normal,normal,0,not_applicable
source,85992,neptune,dos,1,not_applicable
source,47713,normal,normal,0,not_applicable
source,81217,normal,normal,0,not_applicable
source,122188,normal,normal,0,not_applicable
source,104842,neptune,dos,1,not_applicable
source,101991,neptune,dos,1,not_applicable
source,50518,neptune,dos,1,not_applicable
source,42375,neptune,dos,1,not_applicable
source,74442,normal,normal,0,not_applicable
source,27942,neptune,dos,1,not_applicable
source,3218,normal,normal,0,not_applicable
source,1005,normal,normal,0,not_applicable
source,103528,normal,normal,0,not_applicable
source,77528,normal,normal,0,not_applicable
source,120049,normal,normal,0,not_applicable
source,20199,normal,normal,0,not_applicable
source,89660,normal,normal,0,not_applicable
source,81938,normal,normal,0,not_applicable
source,77704,neptune,dos,1,not_applicable
source,35662,neptune,dos,1,not_applicable
source,40725,normal,normal,0,not_applicable
source,10430,neptune,dos,1,not_applicable
source,122588,neptune,dos,1,not_applicable
source,32706,normal,normal,0,not_applicable
source,48493,neptune,dos,1,not_applicable
source,105271,neptune,dos,1,not_applicable
source,38548,smurf,dos,1,not_applicable
source,2703,normal,normal,0,not_applicable
source,15371,normal,normal,0,not_applicable
source,36761,normal,normal,0,not_applicable
source,50592,neptune,dos,1,not_applicable
source,15407,smurf,dos,1,not_applicable
source,60614,neptune,dos,1,not_applicable
source,45136,neptune,dos,1,not_applicable
source,47820,normal,normal,0,not_applicable
source,35142,normal,normal,0,not_applicable
source,18095,neptune,dos,1,not_applicable
source,88035,normal,normal,0,not_applicable
source,10435,neptune,dos,1,not_applicable
source,15612,neptune,dos,1,not_applicable
source,89258,neptune,dos,1,not_applicable
source,30568,neptune,dos,1,not_applicable
source,78487,neptune,dos,1,not_applicable
source,104150,normal,normal,0,not_applicable
source,118785,neptune,dos,1,not_applicable
source,100560,normal,normal,0,not_applicable
source,73417,neptune,dos,1,not_applicable
source,116315,normal,normal,0,not_applicable
source,31345,neptune,dos,1,not_applicable
source,78654,neptune,dos,1,not_applicable
source,65670,neptune,dos,1,not_applicable
source,56270,normal,normal,0,not_applicable
source,119537,neptune,dos,1,not_applicable
source,80912,neptune,dos,1,not_applicable
source,49853,normal,normal,0,not_applicable
source,9891,normal,normal,0,not_applicable
source,56519,normal,normal,0,not_applicable
source,114647,normal,normal,0,not_applicable
source,7328,neptune,dos,1,not_applicable
source,111804,normal,normal,0,not_applicable
source,5686,normal,normal,0,not_applicable
source,97691,normal,normal,0,not_applicable
source,28726,neptune,dos,1,not_applicable
source,111990,normal,normal,0,not_applicable
source,91143,neptune,dos,1,not_applicable
source,115339,normal,normal,0,not_applicable
source,8130,neptune,dos,1,not_applicable
source,17318,neptune,dos,1,not_applicable
source,120007,normal,normal,0,not_applicable
source,51364,normal,normal,0,not_applicable
source,97898,neptune,dos,1,not_applicable
source,13668,neptune,dos,1,not_applicable
source,32593,normal,normal,0,not_applicable
source,114795,normal,normal,0,not_applicable
source,21637,neptune,dos,1,not_applicable
source,87429,normal,normal,0,not_applicable
source,58094,normal,normal,0,not_applicable
source,78775,normal,normal,0,not_applicable
source,18937,normal,normal,0,not_applicable
source,107695,normal,normal,0,not_applicable
source,17858,normal,normal,0,not_applicable
source,120314,neptune,dos,1,not_applicable
source,41796,normal,normal,0,not_applicable
source,116386,neptune,dos,1,not_applicable
source,51207,normal,normal,0,not_applicable
source,88346,neptune,dos,1,not_applicable
source,35153,neptune,dos,1,not_applicable
source,117657,normal,normal,0,not_applicable
source,80634,neptune,dos,1,not_applicable
source,47040,normal,normal,0,not_applicable
source,115763,normal,normal,0,not_applicable
source,13140,neptune,dos,1,not_applicable
source,80012,neptune,dos,1,not_applicable
source,49918,neptune,dos,1,not_applicable
source,69690,normal,normal,0,not_applicable
source,50064,neptune,dos,1,not_applicable
source,32308,normal,normal,0,not_applicable
source,94792,neptune,dos,1,not_applicable
source,59474,normal,normal,0,not_applicable
source,3225,neptune,dos,1,not_applicable
source,117713,neptune,dos,1,not_applicable
source,12589,normal,normal,0,not_applicable
source,45508,neptune,dos,1,not_applicable
source,10182,neptune,dos,1,not_applicable
source,84046,normal,normal,0,not_applicable
source,103639,normal,normal,0,not_applicable
source,52521,normal,normal,0,not_applicable
source,74413,normal,normal,0,not_applicable
source,100146,normal,normal,0,not_applicable
source,101099,normal,normal,0,not_applicable
source,124273,normal,normal,0,not_applicable
source,70543,neptune,dos,1,not_applicable
source,51662,neptune,dos,1,not_applicable
source,11745,normal,normal,0,not_applicable
source,75442,normal,normal,0,not_applicable
source,1909,neptune,dos,1,not_applicable
source,23964,normal,normal,0,not_applicable
source,47558,normal,normal,0,not_applicable
source,8451,normal,normal,0,not_applicable
source,60196,normal,normal,0,not_applicable
source,74655,normal,normal,0,not_applicable
source,97438,normal,normal,0,not_applicable
source,78628,neptune,dos,1,not_applicable
source,46094,normal,normal,0,not_applicable
source,112518,normal,normal,0,not_applicable
source,70840,normal,normal,0,not_applicable
source,41545,normal,normal,0,not_applicable
source,13767,neptune,dos,1,not_applicable
source,65265,normal,normal,0,not_applicable
source,121269,normal,normal,0,not_applicable
source,32203,normal,normal,0,not_applicable
source,111311,normal,normal,0,not_applicable
source,114731,neptune,dos,1,not_applicable
source,19831,neptune,dos,1,not_applicable
source,67217,normal,normal,0,not_applicable
source,105279,normal,normal,0,not_applicable
source,27789,normal,normal,0,not_applicable
source,49788,normal,normal,0,not_applicable
source,86739,normal,normal,0,not_applicable
source,4774,neptune,dos,1,not_applicable
source,42114,normal,normal,0,not_applicable
source,66046,normal,normal,0,not_applicable
source,93996,smurf,dos,1,not_applicable
source,91278,normal,normal,0,not_applicable
source,13006,smurf,dos,1,not_applicable
source,19897,neptune,dos,1,not_applicable
source,103250,neptune,dos,1,not_applicable
source,117630,normal,normal,0,not_applicable
source,38650,neptune,dos,1,not_applicable
source,39192,normal,normal,0,not_applicable
source,17897,normal,normal,0,not_applicable
source,101067,normal,normal,0,not_applicable
source,32998,normal,normal,0,not_applicable
source,80320,neptune,dos,1,not_applicable
source,64601,teardrop,dos,1,not_applicable
source,40762,neptune,dos,1,not_applicable
source,121190,normal,normal,0,not_applicable
source,55853,normal,normal,0,not_applicable
source,28048,neptune,dos,1,not_applicable
source,106074,neptune,dos,1,not_applicable
source,112037,normal,normal,0,not_applicable
source,64993,neptune,dos,1,not_applicable
source,100971,neptune,dos,1,not_applicable
source,66401,smurf,dos,1,not_applicable
source,74484,neptune,dos,1,not_applicable
source,68867,neptune,dos,1,not_applicable
source,50439,normal,normal,0,not_applicable
source,64588,normal,normal,0,not_applicable
source,58758,neptune,dos,1,not_applicable
source,73769,normal,normal,0,not_applicable
source,91424,normal,normal,0,not_applicable
source,98259,neptune,dos,1,not_applicable
source,109487,neptune,dos,1,not_applicable
source,112967,normal,normal,0,not_applicable
source,11920,neptune,dos,1,not_applicable
source,108368,normal,normal,0,not_applicable
source,24879,neptune,dos,1,not_applicable
source,72085,neptune,dos,1,not_applicable
source,72034,neptune,dos,1,not_applicable
source,123627,neptune,dos,1,not_applicable
source,17405,neptune,dos,1,not_applicable
source,84448,neptune,dos,1,not_applicable
source,9719,normal,normal,0,not_applicable
source,105707,normal,normal,0,not_applicable
source,34101,neptune,dos,1,not_applicable
source,48263,neptune,dos,1,not_applicable
source,48511,normal,normal,0,not_applicable
source,78860,normal,normal,0,not_applicable
source,76038,neptune,dos,1,not_applicable
source,39101,neptune,dos,1,not_applicable
source,81857,neptune,dos,1,not_applicable
source,46855,normal,normal,0,not_applicable
source,36237,neptune,dos,1,not_applicable
source,4416,neptune,dos,1,not_applicable
source,1135,neptune,dos,1,not_applicable
source,87478,neptune,dos,1,not_applicable
source,20883,neptune,dos,1,not_applicable
source,38144,neptune,dos,1,not_applicable
source,43107,normal,normal,0,not_applicable
source,27211,smurf,dos,1,not_applicable
source,100525,normal,normal,0,not_applicable
source,105330,normal,normal,0,not_applicable
source,45576,neptune,dos,1,not_applicable
source,108507,normal,normal,0,not_applicable
source,24474,neptune,dos,1,not_applicable
source,40081,normal,normal,0,not_applicable
source,60643,neptune,dos,1,not_applicable
source,60556,normal,normal,0,not_applicable
source,26167,normal,normal,0,not_applicable
source,77444,neptune,dos,1,not_applicable
source,28173,normal,normal,0,not_applicable
source,12003,neptune,dos,1,not_applicable
source,77872,normal,normal,0,not_applicable
source,38610,normal,normal,0,not_applicable
source,51801,normal,normal,0,not_applicable
source,33074,neptune,dos,1,not_applicable
source,9496,smurf,dos,1,not_applicable
source,91181,normal,normal,0,not_applicable
source,121946,normal,normal,0,not_applicable
source,73980,neptune,dos,1,not_applicable
source,89183,normal,normal,0,not_applicable
source,40690,neptune,dos,1,not_applicable
source,7660,normal,normal,0,not_applicable
source,17079,neptune,dos,1,not_applicable
source,117529,neptune,dos,1,not_applicable
source,10534,neptune,dos,1,not_applicable
source,93150,normal,normal,0,not_applicable
source,7926,neptune,dos,1,not_applicable
source,73290,normal,normal,0,not_applicable
source,25174,neptune,dos,1,not_applicable
source,99604,neptune,dos,1,not_applicable
source,16170,neptune,dos,1,not_applicable
source,91417,normal,normal,0,not_applicable
source,476,normal,normal,0,not_applicable
source,27336,neptune,dos,1,not_applicable
source,105401,normal,normal,0,not_applicable
source,39552,normal,normal,0,not_applicable
source,101344,neptune,dos,1,not_applicable
source,96705,normal,normal,0,not_applicable
source,104468,teardrop,dos,1,not_applicable
source,63451,neptune,dos,1,not_applicable
source,4397,neptune,dos,1,not_applicable
source,83651,neptune,dos,1,not_applicable
source,62204,normal,normal,0,not_applicable
source,121426,neptune,dos,1,not_applicable
source,138,smurf,dos,1,not_applicable
source,49006,normal,normal,0,not_applicable
source,15680,neptune,dos,1,not_applicable
source,61088,normal,normal,0,not_applicable
source,103318,neptune,dos,1,not_applicable
source,81468,normal,normal,0,not_applicable
source,119473,normal,normal,0,not_applicable
source,96917,neptune,dos,1,not_applicable
source,62900,normal,normal,0,not_applicable
source,35110,neptune,dos,1,not_applicable
source,71104,normal,normal,0,not_applicable
source,80803,normal,normal,0,not_applicable
source,96591,neptune,dos,1,not_applicable
source,95148,neptune,dos,1,not_applicable
source,26730,neptune,dos,1,not_applicable
source,107010,neptune,dos,1,not_applicable
source,64450,normal,normal,0,not_applicable
source,41108,normal,normal,0,not_applicable
source,99245,normal,normal,0,not_applicable
source,124071,neptune,dos,1,not_applicable
source,11385,neptune,dos,1,not_applicable
source,90550,normal,normal,0,not_applicable
source,14610,normal,normal,0,not_applicable
source,44952,neptune,dos,1,not_applicable
source,16915,neptune,dos,1,not_applicable
source,17150,normal,normal,0,not_applicable
source,29174,normal,normal,0,not_applicable
source,114752,neptune,dos,1,not_applicable
source,100700,normal,normal,0,not_applicable
source,75450,neptune,dos,1,not_applicable
source,10617,neptune,dos,1,not_applicable
source,54911,neptune,dos,1,not_applicable
source,9541,neptune,dos,1,not_applicable
source,100720,normal,normal,0,not_applicable
source,66797,neptune,dos,1,not_applicable
source,58320,neptune,dos,1,not_applicable
source,20949,normal,normal,0,not_applicable
source,26152,normal,normal,0,not_applicable
source,110684,neptune,dos,1,not_applicable
source,63891,neptune,dos,1,not_applicable
source,38701,neptune,dos,1,not_applicable
source,84589,neptune,dos,1,not_applicable
source,85825,normal,normal,0,not_applicable
source,24592,normal,normal,0,not_applicable
source,52079,normal,normal,0,not_applicable
source,109021,normal,normal,0,not_applicable
source,125074,normal,normal,0,not_applicable
source,114045,normal,normal,0,not_applicable
source,85778,neptune,dos,1,not_applicable
source,63314,normal,normal,0,not_applicable
source,72653,normal,normal,0,not_applicable
source,108172,neptune,dos,1,not_applicable
source,87378,normal,normal,0,not_applicable
source,7656,neptune,dos,1,not_applicable
source,71278,normal,normal,0,not_applicable
source,104383,neptune,dos,1,not_applicable
source,90638,neptune,dos,1,not_applicable
source,16923,normal,normal,0,not_applicable
source,114222,normal,normal,0,not_applicable
source,44583,normal,normal,0,not_applicable
source,23646,normal,normal,0,not_applicable
source,72198,normal,normal,0,not_applicable
source,54215,normal,normal,0,not_applicable
source,45748,normal,normal,0,not_applicable
source,86180,normal,normal,0,not_applicable
source,115751,neptune,dos,1,not_applicable
source,100617,smurf,dos,1,not_applicable
source,33469,neptune,dos,1,not_applicable
source,36384,normal,normal,0,not_applicable
source,79837,neptune,dos,1,not_applicable
source,45366,normal,normal,0,not_applicable
source,83181,normal,normal,0,not_applicable
source,103156,neptune,dos,1,not_applicable
source,77613,neptune,dos,1,not_applicable
source,1936,neptune,dos,1,not_applicable
source,1610,normal,normal,0,not_applicable
source,51490,neptune,dos,1,not_applicable
source,21821,neptune,dos,1,not_applicable
source,104777,neptune,dos,1,not_applicable
source,93280,neptune,dos,1,not_applicable
source,72078,neptune,dos,1,not_applicable
source,84998,neptune,dos,1,not_applicable
source,12882,neptune,dos,1,not_applicable
source,77450,normal,normal,0,not_applicable
source,111296,neptune,dos,1,not_applicable
source,55759,normal,normal,0,not_applicable
source,239,normal,normal,0,not_applicable
source,81422,normal,normal,0,not_applicable
source,47611,normal,normal,0,not_applicable
source,88147,normal,normal,0,not_applicable
source,72981,neptune,dos,1,not_applicable
source,7332,neptune,dos,1,not_applicable
source,7959,neptune,dos,1,not_applicable
source,51311,normal,normal,0,not_applicable
source,114854,neptune,dos,1,not_applicable
source,12208,neptune,dos,1,not_applicable
source,17188,neptune,dos,1,not_applicable
source,81380,normal,normal,0,not_applicable
source,29771,neptune,dos,1,not_applicable
source,77364,normal,normal,0,not_applicable
source,111626,neptune,dos,1,not_applicable
source,75167,neptune,dos,1,not_applicable
source,86923,normal,normal,0,not_applicable
source,69239,normal,normal,0,not_applicable
source,110019,neptune,dos,1,not_applicable
source,42195,normal,normal,0,not_applicable
source,71357,neptune,dos,1,not_applicable
source,111092,neptune,dos,1,not_applicable
source,38012,neptune,dos,1,not_applicable
source,94117,normal,normal,0,not_applicable
source,20818,neptune,dos,1,not_applicable
source,47689,normal,normal,0,not_applicable
source,121087,normal,normal,0,not_applicable
source,80390,normal,normal,0,not_applicable
source,46612,normal,normal,0,not_applicable
source,101246,normal,normal,0,not_applicable
source,69504,normal,normal,0,not_applicable
source,24998,normal,normal,0,not_applicable
source,77419,normal,normal,0,not_applicable
source,14681,normal,normal,0,not_applicable
source,78687,normal,normal,0,not_applicable
source,94691,normal,normal,0,not_applicable
source,72610,normal,normal,0,not_applicable
source,81529,normal,normal,0,not_applicable
source,95247,neptune,dos,1,not_applicable
source,51894,normal,normal,0,not_applicable
source,34291,normal,normal,0,not_applicable
source,115219,neptune,dos,1,not_applicable
source,72745,neptune,dos,1,not_applicable
source,112666,neptune,dos,1,not_applicable
source,114560,normal,normal,0,not_applicable
source,14620,neptune,dos,1,not_applicable
source,123497,normal,normal,0,not_applicable
source,15061,neptune,dos,1,not_applicable
source,10637,neptune,dos,1,not_applicable
source,65707,normal,normal,0,not_applicable
source,109065,normal,normal,0,not_applicable
source,105577,normal,normal,0,not_applicable
source,77145,normal,normal,0,not_applicable
source,14370,normal,normal,0,not_applicable
source,31375,normal,normal,0,not_applicable
source,40204,neptune,dos,1,not_applicable
source,39962,normal,normal,0,not_applicable
source,51422,normal,normal,0,not_applicable
source,53662,back,dos,1,not_applicable
source,312,neptune,dos,1,not_applicable
source,56142,normal,normal,0,not_applicable
source,84285,normal,normal,0,not_applicable
source,106773,normal,normal,0,not_applicable
source,75785,neptune,dos,1,not_applicable
source,117695,neptune,dos,1,not_applicable
source,85521,neptune,dos,1,not_applicable
source,73416,normal,normal,0,not_applicable
source,21964,normal,normal,0,not_applicable
source,10652,normal,normal,0,not_applicable
source,28041,normal,normal,0,not_applicable
source,108151,neptune,dos,1,not_applicable
source,29722,neptune,dos,1,not_applicable
source,27089,normal,normal,0,not_applicable
source,30761,normal,normal,0,not_applicable
source,65353,normal,normal,0,not_applicable
source,106539,normal,normal,0,not_applicable
source,125518,normal,normal,0,not_applicable
source,42954,normal,normal,0,not_applicable
source,36383,neptune,dos,1,not_applicable
source,29733,neptune,dos,1,not_applicable
source,74684,normal,normal,0,not_applicable
source,57749,neptune,dos,1,not_applicable
source,56951,normal,normal,0,not_applicable
source,18240,normal,normal,0,not_applicable
source,10577,neptune,dos,1,not_applicable
source,76460,normal,normal,0,not_applicable
source,87004,neptune,dos,1,not_applicable
source,22526,neptune,dos,1,not_applicable
source,62492,neptune,dos,1,not_applicable
source,99729,smurf,dos,1,not_applicable
source,75534,neptune,dos,1,not_applicable
source,2565,normal,normal,0,not_applicable
source,56112,neptune,dos,1,not_applicable
source,38920,normal,normal,0,not_applicable
source,107394,normal,normal,0,not_applicable
source,76011,normal,normal,0,not_applicable
source,119213,normal,normal,0,not_applicable
source,74368,normal,normal,0,not_applicable
source,76176,normal,normal,0,not_applicable
source,117236,neptune,dos,1,not_applicable
source,61617,normal,normal,0,not_applicable
source,81071,normal,normal,0,not_applicable
source,1077,normal,normal,0,not_applicable
source,121820,neptune,dos,1,not_applicable
source,46428,neptune,dos,1,not_applicable
source,89224,back,dos,1,not_applicable
source,123320,neptune,dos,1,not_applicable
source,100942,neptune,dos,1,not_applicable
source,19725,smurf,dos,1,not_applicable
source,105284,normal,normal,0,not_applicable
source,22184,normal,normal,0,not_applicable
source,84384,normal,normal,0,not_applicable
source,36869,normal,normal,0,not_applicable
source,1509,neptune,dos,1,not_applicable
source,45248,neptune,dos,1,not_applicable
source,73815,neptune,dos,1,not_applicable
source,105285,normal,normal,0,not_applicable
source,93736,neptune,dos,1,not_applicable
source,95412,neptune,dos,1,not_applicable
source,96597,normal,normal,0,not_applicable
source,93080,neptune,dos,1,not_applicable
source,96858,normal,normal,0,not_applicable
source,41774,normal,normal,0,not_applicable
source,118370,neptune,dos,1,not_applicable
source,52530,normal,normal,0,not_applicable
source,50026,normal,normal,0,not_applicable
source,84750,smurf,dos,1,not_applicable
source,44841,normal,normal,0,not_applicable
source,35976,normal,normal,0,not_applicable
source,56955,neptune,dos,1,not_applicable
source,7210,normal,normal,0,not_applicable
source,16737,normal,normal,0,not_applicable
source,47874,neptune,dos,1,not_applicable
source,32792,back,dos,1,not_applicable
source,29930,normal,normal,0,not_applicable
source,42923,normal,normal,0,not_applicable
source,81744,normal,normal,0,not_applicable
source,3979,neptune,dos,1,not_applicable
source,57233,normal,normal,0,not_applicable
source,45343,smurf,dos,1,not_applicable
source,99046,neptune,dos,1,not_applicable
source,83538,neptune,dos,1,not_applicable
source,42418,normal,normal,0,not_applicable
source,115572,neptune,dos,1,not_applicable
source,52563,smurf,dos,1,not_applicable
source,51175,normal,normal,0,not_applicable
source,3181,neptune,dos,1,not_applicable
source,100200,normal,normal,0,not_applicable
source,75156,neptune,dos,1,not_applicable
source,53822,neptune,dos,1,not_applicable
source,125417,neptune,dos,1,not_applicable
source,34775,neptune,dos,1,not_applicable
source,111786,neptune,dos,1,not_applicable
source,48227,normal,normal,0,not_applicable
source,108019,neptune,dos,1,not_applicable
source,3694,neptune,dos,1,not_applicable
source,57216,normal,normal,0,not_applicable
source,64044,neptune,dos,1,not_applicable
source,39639,neptune,dos,1,not_applicable
source,72073,neptune,dos,1,not_applicable
source,2937,neptune,dos,1,not_applicable
source,73018,neptune,dos,1,not_applicable
source,22457,normal,normal,0,not_applicable
source,111927,neptune,dos,1,not_applicable
source,100798,normal,normal,0,not_applicable
source,37256,normal,normal,0,not_applicable
source,123709,normal,normal,0,not_applicable
source,103256,teardrop,dos,1,not_applicable
source,60143,neptune,dos,1,not_applicable
source,23784,neptune,dos,1,not_applicable
source,98485,neptune,dos,1,not_applicable
source,28235,normal,normal,0,not_applicable
source,90095,normal,normal,0,not_applicable
source,23382,neptune,dos,1,not_applicable
source,2550,normal,normal,0,not_applicable
source,85480,normal,normal,0,not_applicable
source,109060,normal,normal,0,not_applicable
source,85465,neptune,dos,1,not_applicable
source,38710,neptune,dos,1,not_applicable
source,7448,neptune,dos,1,not_applicable
source,81077,neptune,dos,1,not_applicable
source,68341,normal,normal,0,not_applicable
source,19821,neptune,dos,1,not_applicable
source,79608,neptune,dos,1,not_applicable
source,74121,neptune,dos,1,not_applicable
source,99131,normal,normal,0,not_applicable
source,26249,normal,normal,0,not_applicable
source,27903,normal,normal,0,not_applicable
source,54733,normal,normal,0,not_applicable
source,100377,neptune,dos,1,not_applicable
source,23686,normal,normal,0,not_applicable
source,40107,neptune,dos,1,not_applicable
source,12394,normal,normal,0,not_applicable
source,67618,neptune,dos,1,not_applicable
source,46755,normal,normal,0,not_applicable
source,80335,neptune,dos,1,not_applicable
source,39360,normal,normal,0,not_applicable
source,74805,neptune,dos,1,not_applicable
source,89905,neptune,dos,1,not_applicable
source,37036,normal,normal,0,not_applicable
source,109356,smurf,dos,1,not_applicable
source,113091,normal,normal,0,not_applicable
source,35115,neptune,dos,1,not_applicable
source,60622,neptune,dos,1,not_applicable
source,22513,normal,normal,0,not_applicable
source,122099,neptune,dos,1,not_applicable
source,86526,neptune,dos,1,not_applicable
source,32773,normal,normal,0,not_applicable
source,94752,normal,normal,0,not_applicable
source,111988,normal,normal,0,not_applicable
source,82844,normal,normal,0,not_applicable
source,62955,normal,normal,0,not_applicable
source,22985,neptune,dos,1,not_applicable
source,113043,smurf,dos,1,not_applicable
source,83262,normal,normal,0,not_applicable
source,12463,neptune,dos,1,not_applicable
source,89177,normal,normal,0,not_applicable
source,11669,teardrop,dos,1,not_applicable
source,23066,neptune,dos,1,not_applicable
source,48975,normal,normal,0,not_applicable
source,8418,neptune,dos,1,not_applicable
source,35170,normal,normal,0,not_applicable
source,2394,normal,normal,0,not_applicable
source,74995,normal,normal,0,not_applicable
source,26168,neptune,dos,1,not_applicable
source,12583,neptune,dos,1,not_applicable
source,52179,normal,normal,0,not_applicable
source,8349,neptune,dos,1,not_applicable
source,92113,normal,normal,0,not_applicable
source,83823,neptune,dos,1,not_applicable
source,24029,normal,normal,0,not_applicable
source,75077,neptune,dos,1,not_applicable
source,47552,neptune,dos,1,not_applicable
source,86332,normal,normal,0,not_applicable
source,63286,neptune,dos,1,not_applicable
source,39550,normal,normal,0,not_applicable
source,8897,neptune,dos,1,not_applicable
source,85923,normal,normal,0,not_applicable
source,31708,normal,normal,0,not_applicable
source,80412,normal,normal,0,not_applicable
source,26440,neptune,dos,1,not_applicable
source,125787,neptune,dos,1,not_applicable
source,67786,teardrop,dos,1,not_applicable
source,9833,normal,normal,0,not_applicable
source,120987,normal,normal,0,not_applicable
source,66722,smurf,dos,1,not_applicable
source,13990,neptune,dos,1,not_applicable
source,450,normal,normal,0,not_applicable
source,43549,neptune,dos,1,not_applicable
source,121107,neptune,dos,1,not_applicable
source,17850,normal,normal,0,not_applicable
source,1111,smurf,dos,1,not_applicable
source,27423,neptune,dos,1,not_applicable
source,113765,normal,normal,0,not_applicable
source,29764,neptune,dos,1,not_applicable
source,103094,neptune,dos,1,not_applicable
source,115539,normal,normal,0,not_applicable
source,32700,neptune,dos,1,not_applicable
source,86875,neptune,dos,1,not_applicable
source,76240,teardrop,dos,1,not_applicable
source,12130,normal,normal,0,not_applicable
source,87876,normal,normal,0,not_applicable
source,9922,neptune,dos,1,not_applicable
source,5390,normal,normal,0,not_applicable
source,43921,neptune,dos,1,not_applicable
source,65910,neptune,dos,1,not_applicable
source,25787,neptune,dos,1,not_applicable
source,89647,normal,normal,0,not_applicable
source,108463,smurf,dos,1,not_applicable
source,69170,neptune,dos,1,not_applicable
source,60559,normal,normal,0,not_applicable
source,33839,neptune,dos,1,not_applicable
source,36795,neptune,dos,1,not_applicable
source,61248,normal,normal,0,not_applicable
source,68299,normal,normal,0,not_applicable
source,104802,normal,normal,0,not_applicable
source,105757,normal,normal,0,not_applicable
source,102624,normal,normal,0,not_applicable
source,86940,normal,normal,0,not_applicable
source,14254,neptune,dos,1,not_applicable
source,84066,neptune,dos,1,not_applicable
source,16782,neptune,dos,1,not_applicable
source,97301,neptune,dos,1,not_applicable
source,8193,neptune,dos,1,not_applicable
source,100201,normal,normal,0,not_applicable
source,15278,normal,normal,0,not_applicable
source,49502,normal,normal,0,not_applicable
source,104605,neptune,dos,1,not_applicable
source,62779,neptune,dos,1,not_applicable
source,88804,normal,normal,0,not_applicable
source,21555,normal,normal,0,not_applicable
source,102253,normal,normal,0,not_applicable
source,31674,smurf,dos,1,not_applicable
source,52534,normal,normal,0,not_applicable
source,86456,normal,normal,0,not_applicable
source,90582,normal,normal,0,not_applicable
source,124468,neptune,dos,1,not_applicable
source,77062,neptune,dos,1,not_applicable
source,112469,neptune,dos,1,not_applicable
source,23804,neptune,dos,1,not_applicable
source,92553,neptune,dos,1,not_applicable
source,17713,neptune,dos,1,not_applicable
source,43585,normal,normal,0,not_applicable
source,88939,teardrop,dos,1,not_applicable
source,45741,normal,normal,0,not_applicable
source,69115,normal,normal,0,not_applicable
source,92615,normal,normal,0,not_applicable
source,106055,normal,normal,0,not_applicable
source,67871,neptune,dos,1,not_applicable
source,102910,normal,normal,0,not_applicable
source,121712,neptune,dos,1,not_applicable
source,8374,neptune,dos,1,not_applicable
source,88505,neptune,dos,1,not_applicable
source,118538,normal,normal,0,not_applicable
source,114890,normal,normal,0,not_applicable
source,99259,normal,normal,0,not_applicable
source,65644,neptune,dos,1,not_applicable
source,82206,normal,normal,0,not_applicable
source,40192,neptune,dos,1,not_applicable
source,95626,neptune,dos,1,not_applicable
source,18158,neptune,dos,1,not_applicable
source,62534,neptune,dos,1,not_applicable
source,16402,normal,normal,0,not_applicable
source,106224,normal,normal,0,not_applicable
source,78651,neptune,dos,1,not_applicable
source,16141,neptune,dos,1,not_applicable
source,30257,neptune,dos,1,not_applicable
source,58580,neptune,dos,1,not_applicable
source,18510,neptune,dos,1,not_applicable
source,103351,neptune,dos,1,not_applicable
source,120122,normal,normal,0,not_applicable
source,100957,normal,normal,0,not_applicable
source,34324,normal,normal,0,not_applicable
source,112369,neptune,dos,1,not_applicable
source,29235,normal,normal,0,not_applicable
source,5223,neptune,dos,1,not_applicable
source,36532,neptune,dos,1,not_applicable
source,52655,neptune,dos,1,not_applicable
source,45640,neptune,dos,1,not_applicable
source,41208,normal,normal,0,not_applicable
source,116522,neptune,dos,1,not_applicable
source,16629,back,dos,1,not_applicable
source,19277,back,dos,1,not_applicable
source,116340,normal,normal,0,not_applicable
source,82970,normal,normal,0,not_applicable
source,90975,normal,normal,0,not_applicable
source,66267,neptune,dos,1,not_applicable
source,54409,normal,normal,0,not_applicable
source,49084,neptune,dos,1,not_applicable
source,102177,neptune,dos,1,not_applicable
source,950,normal,normal,0,not_applicable
source,90789,neptune,dos,1,not_applicable
source,125568,normal,normal,0,not_applicable
source,69307,normal,normal,0,not_applicable
source,2508,normal,normal,0,not_applicable
source,108918,neptune,dos,1,not_applicable
source,57379,normal,normal,0,not_applicable
source,76776,normal,normal,0,not_applicable
source,123939,normal,normal,0,not_applicable
source,8871,neptune,dos,1,not_applicable
source,6926,neptune,dos,1,not_applicable
source,22014,normal,normal,0,not_applicable
source,46278,normal,normal,0,not_applicable
source,3889,normal,normal,0,not_applicable
source,111593,normal,normal,0,not_applicable
source,14236,normal,normal,0,not_applicable
source,67559,normal,normal,0,not_applicable
source,88472,neptune,dos,1,not_applicable
source,71834,normal,normal,0,not_applicable
source,73521,normal,normal,0,not_applicable
source,57538,normal,normal,0,not_applicable
source,115962,neptune,dos,1,not_applicable
source,62677,normal,normal,0,not_applicable
source,87969,normal,normal,0,not_applicable
source,105304,normal,normal,0,not_applicable
source,100887,teardrop,dos,1,not_applicable
source,67527,neptune,dos,1,not_applicable
source,108104,neptune,dos,1,not_applicable
source,45822,normal,normal,0,not_applicable
source,120241,normal,normal,0,not_applicable
source,26547,neptune,dos,1,not_applicable
source,73725,normal,normal,0,not_applicable
source,5370,neptune,dos,1,not_applicable
source,18745,normal,normal,0,not_applicable
source,34184,smurf,dos,1,not_applicable
source,98806,normal,normal,0,not_applicable
source,103659,normal,normal,0,not_applicable
source,125108,neptune,dos,1,not_applicable
source,58947,neptune,dos,1,not_applicable
source,98813,smurf,dos,1,not_applicable
source,103994,normal,normal,0,not_applicable
source,104448,normal,normal,0,not_applicable
source,9015,normal,normal,0,not_applicable
source,35553,neptune,dos,1,not_applicable
source,85158,neptune,dos,1,not_applicable
source,122529,neptune,dos,1,not_applicable
source,122303,normal,normal,0,not_applicable
source,322,neptune,dos,1,not_applicable
source,19306,normal,normal,0,not_applicable
source,105986,neptune,dos,1,not_applicable
source,24257,normal,normal,0,not_applicable
source,67558,normal,normal,0,not_applicable
target,97490,normal,normal,0,test
target,58547,normal,normal,0,test
target,7605,normal,normal,0,validation
target,124599,satan,probe,1,validation
target,8610,normal,normal,0,test
target,118157,normal,normal,0,test
target,113818,normal,normal,0,validation
target,94149,portsweep,probe,1,test
target,91717,nmap,probe,1,test
target,34618,nmap,probe,1,test
target,15841,normal,normal,0,test
target,117625,satan,probe,1,test
target,266,normal,normal,0,validation
target,91920,satan,probe,1,validation
target,71967,portsweep,probe,1,test
target,7105,normal,normal,0,test
target,73509,portsweep,probe,1,test
target,96871,ipsweep,probe,1,validation
target,35175,normal,normal,0,validation
target,5438,normal,normal,0,validation
target,65006,satan,probe,1,test
target,70203,satan,probe,1,validation
target,113288,nmap,probe,1,test
target,19851,normal,normal,0,validation
target,39311,ipsweep,probe,1,test
target,8375,ipsweep,probe,1,test
target,113179,portsweep,probe,1,validation
target,55401,ipsweep,probe,1,validation
target,9385,normal,normal,0,test
target,91043,normal,normal,0,test
target,111011,portsweep,probe,1,validation
target,4264,normal,normal,0,test
target,125510,normal,normal,0,test
target,17238,portsweep,probe,1,validation
target,86676,normal,normal,0,validation
target,68816,normal,normal,0,test
target,37396,portsweep,probe,1,test
target,28535,normal,normal,0,validation
target,79060,normal,normal,0,validation
target,80848,satan,probe,1,test
target,39652,normal,normal,0,test
target,35924,normal,normal,0,test
target,11858,satan,probe,1,validation
target,44298,portsweep,probe,1,validation
target,43432,normal,normal,0,test
target,58494,normal,normal,0,test
target,104794,normal,normal,0,test
target,51030,normal,normal,0,validation
target,107463,normal,normal,0,test
target,75313,normal,normal,0,test
target,15458,ipsweep,probe,1,test
target,38439,satan,probe,1,test
target,117121,satan,probe,1,validation
target,113673,normal,normal,0,test
target,93006,normal,normal,0,validation
target,89070,nmap,probe,1,test
target,60879,normal,normal,0,test
target,92851,normal,normal,0,validation
target,65955,normal,normal,0,validation
target,98941,normal,normal,0,test
target,117510,normal,normal,0,test
target,31063,normal,normal,0,test
target,56706,normal,normal,0,test
target,86648,satan,probe,1,test
target,55908,normal,normal,0,validation
target,64181,satan,probe,1,validation
target,101328,normal,normal,0,validation
target,4691,ipsweep,probe,1,test
target,73342,satan,probe,1,validation
target,79672,normal,normal,0,test
target,22936,ipsweep,probe,1,test
target,118020,satan,probe,1,test
target,13494,normal,normal,0,test
target,18298,normal,normal,0,test
target,14100,normal,normal,0,test
target,33311,portsweep,probe,1,test
target,91137,portsweep,probe,1,test
target,115306,normal,normal,0,validation
target,116951,normal,normal,0,test
target,57645,satan,probe,1,test
target,51613,normal,normal,0,test
target,72958,normal,normal,0,validation
target,35720,satan,probe,1,test
target,57098,normal,normal,0,test
target,44163,normal,normal,0,validation
target,90670,normal,normal,0,test
target,113739,portsweep,probe,1,test
target,84898,normal,normal,0,validation
target,18734,nmap,probe,1,test
target,118212,satan,probe,1,test
target,83325,ipsweep,probe,1,test
target,61192,satan,probe,1,test
target,35249,nmap,probe,1,test
target,57341,normal,normal,0,test
target,10305,normal,normal,0,test
target,79039,normal,normal,0,test
target,39411,normal,normal,0,test
target,28522,normal,normal,0,test
target,87237,normal,normal,0,test
target,55492,satan,probe,1,test
target,90307,normal,normal,0,test
target,108755,normal,normal,0,test
target,16766,portsweep,probe,1,test
target,34995,ipsweep,probe,1,test
target,88932,portsweep,probe,1,test
target,24752,nmap,probe,1,test
target,89103,normal,normal,0,test
target,69609,normal,normal,0,test
target,59179,normal,normal,0,test
target,124264,normal,normal,0,test
target,85692,normal,normal,0,test
target,98625,ipsweep,probe,1,test
target,36969,normal,normal,0,test
target,111728,satan,probe,1,validation
target,32533,portsweep,probe,1,test
target,70540,normal,normal,0,test
target,59907,satan,probe,1,test
target,103244,ipsweep,probe,1,test
target,110337,normal,normal,0,validation
target,5415,satan,probe,1,validation
target,107769,normal,normal,0,test
target,29507,normal,normal,0,test
target,32749,normal,normal,0,test
target,73501,normal,normal,0,test
target,17431,portsweep,probe,1,validation
target,19945,normal,normal,0,test
target,99010,normal,normal,0,test
target,85088,satan,probe,1,test
target,14799,normal,normal,0,test
target,118456,normal,normal,0,test
target,54066,nmap,probe,1,validation
target,84123,ipsweep,probe,1,test
target,66543,normal,normal,0,test
target,53204,ipsweep,probe,1,test
target,117285,normal,normal,0,validation
target,49235,satan,probe,1,validation
target,111096,satan,probe,1,test
target,99049,portsweep,probe,1,test
target,96684,normal,normal,0,validation
target,2341,satan,probe,1,test
target,9324,normal,normal,0,test
target,97217,normal,normal,0,test
target,41592,normal,normal,0,test
target,60314,ipsweep,probe,1,validation
target,87230,normal,normal,0,test
target,24713,ipsweep,probe,1,validation
target,82145,normal,normal,0,test
target,113307,nmap,probe,1,test
target,3642,normal,normal,0,test
target,116491,portsweep,probe,1,test
target,65069,normal,normal,0,test
target,94891,ipsweep,probe,1,validation
target,5171,ipsweep,probe,1,test
target,112065,satan,probe,1,validation
target,17379,ipsweep,probe,1,test
target,105566,nmap,probe,1,test
target,31473,normal,normal,0,test
target,82212,normal,normal,0,validation
target,96918,satan,probe,1,test
target,108971,normal,normal,0,test
target,79446,satan,probe,1,test
target,80311,portsweep,probe,1,test
target,108269,satan,probe,1,test
target,124200,ipsweep,probe,1,test
target,9532,ipsweep,probe,1,test
target,2650,normal,normal,0,test
target,4204,ipsweep,probe,1,test
target,87843,normal,normal,0,test
target,96958,satan,probe,1,test
target,89806,portsweep,probe,1,test
target,33512,satan,probe,1,validation
target,92564,normal,normal,0,validation
target,72342,normal,normal,0,test
target,60846,portsweep,probe,1,validation
target,86736,normal,normal,0,test
target,33286,normal,normal,0,test
target,44520,satan,probe,1,validation
target,117106,normal,normal,0,test
target,47143,normal,normal,0,test
target,41922,portsweep,probe,1,test
target,4760,normal,normal,0,test
target,58120,satan,probe,1,test
target,44375,ipsweep,probe,1,test
target,99539,normal,normal,0,test
target,75929,satan,probe,1,test
target,80877,normal,normal,0,validation
target,124248,normal,normal,0,validation
target,15907,nmap,probe,1,validation
target,7027,ipsweep,probe,1,validation
target,104491,normal,normal,0,test
target,87113,portsweep,probe,1,validation
target,79302,normal,normal,0,test
target,28567,normal,normal,0,test
target,74324,normal,normal,0,test
target,33314,normal,normal,0,validation
target,58279,normal,normal,0,test
target,5820,portsweep,probe,1,validation
target,14475,normal,normal,0,test
target,74557,satan,probe,1,test
target,103427,normal,normal,0,test
target,112170,satan,probe,1,validation
target,70604,normal,normal,0,test
target,123946,normal,normal,0,test
target,23569,portsweep,probe,1,test
target,104014,satan,probe,1,test
target,109143,ipsweep,probe,1,test
target,104826,nmap,probe,1,test
target,2947,ipsweep,probe,1,test
target,46116,normal,normal,0,test
target,17884,ipsweep,probe,1,test
target,104618,normal,normal,0,test
target,38538,satan,probe,1,test
target,78028,ipsweep,probe,1,test
target,124801,normal,normal,0,validation
target,18321,normal,normal,0,test
target,113301,ipsweep,probe,1,test
target,57811,normal,normal,0,test
target,121842,normal,normal,0,test
target,93898,normal,normal,0,test
target,102951,portsweep,probe,1,test
target,73127,normal,normal,0,test
target,95666,normal,normal,0,validation
target,110739,portsweep,probe,1,test
target,82987,portsweep,probe,1,test
target,65050,satan,probe,1,test
target,43275,portsweep,probe,1,test
target,73941,satan,probe,1,validation
target,117635,satan,probe,1,test
target,50098,normal,normal,0,test
target,109001,normal,normal,0,test
target,90761,normal,normal,0,test
target,51626,normal,normal,0,test
target,61081,normal,normal,0,test
target,47501,portsweep,probe,1,test
target,45474,normal,normal,0,validation
target,10927,portsweep,probe,1,test
target,7999,ipsweep,probe,1,test
target,125722,satan,probe,1,test
target,68151,ipsweep,probe,1,test
target,22725,normal,normal,0,test
target,89727,normal,normal,0,validation
target,29181,satan,probe,1,test
target,3816,satan,probe,1,test
target,23653,normal,normal,0,validation
target,94154,portsweep,probe,1,test
target,94003,normal,normal,0,test
target,3417,normal,normal,0,test
target,97895,normal,normal,0,test
target,74611,normal,normal,0,test
target,89026,satan,probe,1,test
target,93921,normal,normal,0,test
target,42507,portsweep,probe,1,test
target,47676,portsweep,probe,1,test
target,114810,ipsweep,probe,1,test
target,23465,normal,normal,0,test
target,115389,normal,normal,0,test
target,70651,normal,normal,0,test
target,47173,portsweep,probe,1,validation
target,60529,satan,probe,1,test
target,48800,normal,normal,0,test
target,98428,nmap,probe,1,validation
target,43517,normal,normal,0,test
target,22514,ipsweep,probe,1,test
target,82986,ipsweep,probe,1,test
target,31374,satan,probe,1,validation
target,46820,satan,probe,1,validation
target,90003,portsweep,probe,1,validation
target,3500,normal,normal,0,test
target,114565,nmap,probe,1,test
target,79844,portsweep,probe,1,test
target,15923,ipsweep,probe,1,test
target,52786,portsweep,probe,1,test
target,1981,normal,normal,0,test
target,102779,portsweep,probe,1,test
target,106354,normal,normal,0,test
target,67525,satan,probe,1,validation
target,64523,normal,normal,0,test
target,43410,normal,normal,0,test
target,123225,nmap,probe,1,test
target,63192,normal,normal,0,test
target,52458,satan,probe,1,test
target,42330,normal,normal,0,validation
target,22264,normal,normal,0,test
target,86588,satan,probe,1,test
target,33711,normal,normal,0,validation
target,37485,normal,normal,0,test
target,14317,satan,probe,1,test
target,104103,normal,normal,0,test
target,8341,normal,normal,0,test
target,60968,normal,normal,0,test
target,62988,normal,normal,0,test
target,40843,normal,normal,0,test
target,100440,normal,normal,0,test
target,66378,portsweep,probe,1,test
target,46684,normal,normal,0,test
target,79614,portsweep,probe,1,test
target,62935,normal,normal,0,test
target,108310,normal,normal,0,test
target,123424,ipsweep,probe,1,test
target,109378,normal,normal,0,validation
target,34732,normal,normal,0,validation
target,86860,normal,normal,0,test
target,24730,satan,probe,1,test
target,70326,normal,normal,0,validation
target,51965,satan,probe,1,validation
target,66476,satan,probe,1,validation
target,5693,portsweep,probe,1,test
target,95588,nmap,probe,1,validation
target,113491,normal,normal,0,test
target,79630,normal,normal,0,test
target,6924,portsweep,probe,1,test
target,68944,ipsweep,probe,1,test
target,95073,normal,normal,0,test
target,37310,normal,normal,0,test
target,24144,normal,normal,0,test
target,84626,normal,normal,0,validation
target,10079,normal,normal,0,test
target,32024,ipsweep,probe,1,validation
target,62299,satan,probe,1,validation
target,11340,normal,normal,0,test
target,42398,normal,normal,0,test
target,15445,normal,normal,0,test
target,111708,normal,normal,0,test
target,121361,ipsweep,probe,1,test
target,49834,normal,normal,0,test
target,117751,normal,normal,0,test
target,32448,satan,probe,1,validation
target,101537,normal,normal,0,test
target,116261,normal,normal,0,test
target,57938,satan,probe,1,test
target,10554,normal,normal,0,test
target,398,ipsweep,probe,1,test
target,3061,portsweep,probe,1,test
target,15417,normal,normal,0,test
target,756,portsweep,probe,1,validation
target,34207,satan,probe,1,test
target,30924,normal,normal,0,test
target,80231,normal,normal,0,test
target,69790,ipsweep,probe,1,test
target,124175,normal,normal,0,test
target,60374,nmap,probe,1,validation
target,84238,normal,normal,0,test
target,32003,normal,normal,0,test
target,64765,normal,normal,0,validation
target,53127,normal,normal,0,test
target,639,normal,normal,0,test
target,87892,normal,normal,0,test
target,93907,normal,normal,0,test
target,53615,ipsweep,probe,1,test
target,124190,ipsweep,probe,1,test
target,98455,portsweep,probe,1,test
target,121473,normal,normal,0,test
target,42391,ipsweep,probe,1,validation
target,87192,nmap,probe,1,test
target,3259,satan,probe,1,validation
target,55041,normal,normal,0,test
target,81381,normal,normal,0,test
target,78076,portsweep,probe,1,test
target,112178,normal,normal,0,test
target,24925,normal,normal,0,test
target,33250,normal,normal,0,test
target,38718,satan,probe,1,validation
target,40767,satan,probe,1,validation
target,111706,normal,normal,0,validation
target,41172,portsweep,probe,1,test
target,1699,normal,normal,0,test
target,13684,normal,normal,0,test
target,23618,normal,normal,0,test
target,32380,normal,normal,0,test
target,14115,portsweep,probe,1,validation
target,31061,nmap,probe,1,test
target,14792,portsweep,probe,1,test
target,125671,normal,normal,0,test
target,96732,satan,probe,1,test
target,3468,normal,normal,0,test
target,125918,normal,normal,0,test
target,77890,normal,normal,0,validation
target,28277,satan,probe,1,validation
target,86363,normal,normal,0,test
target,12212,normal,normal,0,test
target,102012,satan,probe,1,test
target,34838,normal,normal,0,test
target,94619,normal,normal,0,test
target,53819,portsweep,probe,1,test
target,69771,normal,normal,0,test
target,21961,portsweep,probe,1,test
target,5386,normal,normal,0,test
target,48517,normal,normal,0,test
target,33927,portsweep,probe,1,test
target,73285,normal,normal,0,validation
target,76379,normal,normal,0,test
target,27828,satan,probe,1,test
target,101921,normal,normal,0,test
target,90333,satan,probe,1,test
target,64010,normal,normal,0,validation
target,84248,normal,normal,0,test
target,34792,normal,normal,0,test
target,94939,normal,normal,0,test
target,54038,normal,normal,0,test
target,64876,nmap,probe,1,test
target,2992,normal,normal,0,test
target,107336,normal,normal,0,test
target,12340,normal,normal,0,validation
target,40928,satan,probe,1,test
target,43486,portsweep,probe,1,test
target,84162,normal,normal,0,test
target,42876,nmap,probe,1,test
target,47389,normal,normal,0,validation
target,65978,satan,probe,1,test
target,2029,portsweep,probe,1,validation
target,87982,satan,probe,1,test
target,53579,normal,normal,0,test
target,33084,normal,normal,0,test
target,114902,nmap,probe,1,test
target,93790,satan,probe,1,test
target,19031,normal,normal,0,validation
target,17758,normal,normal,0,test
target,124578,satan,probe,1,test
target,42985,normal,normal,0,test
target,16753,portsweep,probe,1,validation
target,91239,normal,normal,0,test
target,80722,ipsweep,probe,1,test
target,38595,satan,probe,1,test
target,50388,normal,normal,0,test
target,2895,normal,normal,0,test
target,111105,normal,normal,0,test
target,18046,satan,probe,1,test
target,55456,normal,normal,0,validation
target,1753,normal,normal,0,test
target,113554,portsweep,probe,1,validation
target,51641,normal,normal,0,validation
target,98252,normal,normal,0,test
target,119013,satan,probe,1,test
target,120454,satan,probe,1,test
target,67479,normal,normal,0,test
target,48897,satan,probe,1,test
target,57542,ipsweep,probe,1,validation
target,8324,satan,probe,1,test
target,27796,satan,probe,1,test
target,101200,normal,normal,0,validation
target,118757,normal,normal,0,test
target,8733,normal,normal,0,test
target,2494,normal,normal,0,test
target,73745,normal,normal,0,test
target,122823,normal,normal,0,test
target,27547,ipsweep,probe,1,test
target,4086,satan,probe,1,test
target,6407,normal,normal,0,validation
target,116891,ipsweep,probe,1,test
target,42907,normal,normal,0,validation
target,55373,normal,normal,0,test
target,64816,satan,probe,1,test
target,62087,satan,probe,1,test
target,57119,normal,normal,0,test
target,45591,portsweep,probe,1,test
target,39820,ipsweep,probe,1,validation
target,608,normal,normal,0,test
target,105901,normal,normal,0,validation
target,79013,satan,probe,1,validation
target,25578,normal,normal,0,test
target,9468,portsweep,probe,1,validation
target,104941,normal,normal,0,test
target,39559,ipsweep,probe,1,validation
target,53165,satan,probe,1,test
target,44358,portsweep,probe,1,test
target,91094,normal,normal,0,test
target,6608,satan,probe,1,validation
target,84212,satan,probe,1,test
target,71298,satan,probe,1,test
target,1924,portsweep,probe,1,test
target,38561,satan,probe,1,test
target,113004,ipsweep,probe,1,validation
target,43981,normal,normal,0,validation
target,65371,normal,normal,0,validation
target,10847,normal,normal,0,test
target,37587,normal,normal,0,validation
target,26691,ipsweep,probe,1,test
target,97468,normal,normal,0,test
target,102369,satan,probe,1,validation
target,71332,normal,normal,0,test
target,45868,normal,normal,0,test
target,104066,ipsweep,probe,1,validation
target,96185,normal,normal,0,test
target,1381,portsweep,probe,1,test
target,26180,normal,normal,0,validation
target,6308,normal,normal,0,test
target,94644,normal,normal,0,test
target,81158,satan,probe,1,test
target,122826,nmap,probe,1,test
target,20240,normal,normal,0,validation
target,37425,normal,normal,0,validation
target,24283,normal,normal,0,validation
target,63213,normal,normal,0,test
target,47749,satan,probe,1,test
target,30395,normal,normal,0,test
target,58587,normal,normal,0,test
target,125109,ipsweep,probe,1,test
target,31466,portsweep,probe,1,test
target,101886,satan,probe,1,test
target,102544,normal,normal,0,test
target,26747,normal,normal,0,test
target,59429,ipsweep,probe,1,test
target,68586,normal,normal,0,test
target,20922,portsweep,probe,1,test
target,112073,normal,normal,0,test
target,6654,normal,normal,0,test
target,112315,ipsweep,probe,1,test
target,34288,satan,probe,1,test
target,16090,normal,normal,0,test
target,39958,normal,normal,0,test
target,40577,nmap,probe,1,test
target,21364,normal,normal,0,test
target,111496,normal,normal,0,test
target,22473,normal,normal,0,test
target,123312,ipsweep,probe,1,validation
target,74080,satan,probe,1,test
target,90391,ipsweep,probe,1,test
target,6531,normal,normal,0,validation
target,47304,nmap,probe,1,test
target,112571,normal,normal,0,validation
target,92120,ipsweep,probe,1,validation
target,83942,ipsweep,probe,1,validation
target,21306,normal,normal,0,test
target,28810,ipsweep,probe,1,validation
target,27569,normal,normal,0,test
target,85370,normal,normal,0,test
target,72238,portsweep,probe,1,test
target,52566,normal,normal,0,validation
target,21104,satan,probe,1,test
target,109773,satan,probe,1,test
target,108370,normal,normal,0,validation
target,59726,ipsweep,probe,1,test
target,18019,nmap,probe,1,validation
target,69259,normal,normal,0,validation
target,42432,nmap,probe,1,test
target,52477,normal,normal,0,test
target,120447,normal,normal,0,test
target,125477,portsweep,probe,1,validation
target,108780,normal,normal,0,test
target,24387,normal,normal,0,test
target,78620,portsweep,probe,1,test
target,22269,normal,normal,0,test
target,83539,normal,normal,0,test
target,102184,satan,probe,1,test
target,111075,nmap,probe,1,test
target,107973,nmap,probe,1,validation
target,81820,normal,normal,0,validation
target,122036,normal,normal,0,test
target,38454,normal,normal,0,test
target,114596,normal,normal,0,test
target,110497,normal,normal,0,validation
target,85145,normal,normal,0,test
target,13655,portsweep,probe,1,validation
target,76966,normal,normal,0,test
target,57007,ipsweep,probe,1,validation
target,78851,normal,normal,0,test
target,35264,normal,normal,0,test
target,24494,normal,normal,0,test
target,79848,portsweep,probe,1,test
target,112306,portsweep,probe,1,test
target,103834,normal,normal,0,test
target,73009,normal,normal,0,test
target,84241,normal,normal,0,validation
target,77734,satan,probe,1,test
target,123137,nmap,probe,1,test
target,57091,ipsweep,probe,1,test
target,88990,normal,normal,0,test
target,14073,nmap,probe,1,test
target,66875,portsweep,probe,1,test
target,9132,ipsweep,probe,1,test
target,77103,normal,normal,0,test
target,30493,normal,normal,0,test
target,73862,normal,normal,0,test
target,100375,normal,normal,0,test
target,67924,normal,normal,0,test
target,25061,portsweep,probe,1,validation
target,19853,normal,normal,0,test
target,87956,normal,normal,0,test
target,99190,normal,normal,0,validation
target,41966,ipsweep,probe,1,test
target,89938,normal,normal,0,validation
target,64839,ipsweep,probe,1,test
target,70059,nmap,probe,1,test
target,24675,nmap,probe,1,test
target,112190,normal,normal,0,validation
target,101609,normal,normal,0,test
target,45483,normal,normal,0,test
target,29925,normal,normal,0,test
target,16345,satan,probe,1,validation
target,963,satan,probe,1,validation
target,22576,normal,normal,0,test
target,94791,normal,normal,0,validation
target,1649,ipsweep,probe,1,validation
target,109279,nmap,probe,1,validation
target,123699,normal,normal,0,test
target,115325,ipsweep,probe,1,test
target,94491,normal,normal,0,test
target,40897,normal,normal,0,test
target,28616,normal,normal,0,test
target,6757,portsweep,probe,1,validation
target,45155,ipsweep,probe,1,test
target,97460,ipsweep,probe,1,validation
target,66163,normal,normal,0,validation
target,60751,ipsweep,probe,1,test
target,15722,normal,normal,0,test
target,6087,nmap,probe,1,test
target,41773,normal,normal,0,validation
target,69526,normal,normal,0,test
target,17838,satan,probe,1,validation
target,84850,satan,probe,1,validation
target,18904,normal,normal,0,test
target,62857,normal,normal,0,validation
target,95625,normal,normal,0,test
target,98271,normal,normal,0,validation
target,84489,ipsweep,probe,1,test
target,12506,normal,normal,0,test
target,32222,nmap,probe,1,test
target,97156,normal,normal,0,test
target,116476,satan,probe,1,test
target,21868,normal,normal,0,validation
target,10598,ipsweep,probe,1,test
target,122494,normal,normal,0,test
target,113899,normal,normal,0,test
target,106220,normal,normal,0,test
target,44431,nmap,probe,1,test
target,21624,portsweep,probe,1,test
target,92736,normal,normal,0,test
target,31597,normal,normal,0,test
target,59689,normal,normal,0,test
target,107115,normal,normal,0,test
target,7970,normal,normal,0,validation
target,40660,ipsweep,probe,1,test
target,120329,normal,normal,0,validation
target,71179,nmap,probe,1,test
target,52474,normal,normal,0,test
target,31270,ipsweep,probe,1,validation
target,58428,nmap,probe,1,test
target,108218,ipsweep,probe,1,test
target,27157,satan,probe,1,test
target,79494,normal,normal,0,test
target,44586,normal,normal,0,test
target,57665,satan,probe,1,test
target,48287,normal,normal,0,test
target,117578,ipsweep,probe,1,test
target,51980,normal,normal,0,test
target,95846,portsweep,probe,1,test
target,78607,ipsweep,probe,1,test
target,72802,ipsweep,probe,1,test
target,26044,ipsweep,probe,1,test
target,49597,portsweep,probe,1,test
target,116763,nmap,probe,1,validation
target,28532,normal,normal,0,test
target,38950,satan,probe,1,test
target,65066,normal,normal,0,test
target,53795,satan,probe,1,test
target,83878,normal,normal,0,test
target,81686,satan,probe,1,test
target,60368,portsweep,probe,1,validation
target,74750,normal,normal,0,test
target,16074,satan,probe,1,test
target,44060,ipsweep,probe,1,test
target,59378,ipsweep,probe,1,test
target,92975,normal,normal,0,test
target,95566,ipsweep,probe,1,validation
target,123115,satan,probe,1,test
target,33986,normal,normal,0,test
target,8743,normal,normal,0,test
target,98744,normal,normal,0,test
target,113890,portsweep,probe,1,test
target,59817,portsweep,probe,1,test
target,73698,normal,normal,0,validation
target,78072,portsweep,probe,1,test
target,64012,satan,probe,1,test
target,4439,satan,probe,1,test
target,38159,portsweep,probe,1,validation
target,83574,normal,normal,0,test
target,117273,normal,normal,0,test
target,9841,normal,normal,0,test
target,46196,ipsweep,probe,1,test
target,29329,normal,normal,0,validation
target,21090,normal,normal,0,validation
target,16281,normal,normal,0,validation
target,46757,satan,probe,1,test
target,29950,ipsweep,probe,1,test
target,12272,satan,probe,1,test
target,95511,normal,normal,0,validation
target,10414,satan,probe,1,test
target,84000,normal,normal,0,test
target,15148,normal,normal,0,test
target,25453,portsweep,probe,1,test
target,45158,satan,probe,1,test
target,122601,normal,normal,0,test
target,4315,satan,probe,1,test
target,86003,normal,normal,0,validation
target,45434,normal,normal,0,test
target,109256,normal,normal,0,test
target,34981,normal,normal,0,test
target,41632,portsweep,probe,1,validation
target,10775,normal,normal,0,test
target,21947,satan,probe,1,test
target,75927,normal,normal,0,test
target,102114,portsweep,probe,1,test
target,91999,normal,normal,0,test
target,73113,nmap,probe,1,test
target,90105,satan,probe,1,validation
target,121804,normal,normal,0,test
target,113099,ipsweep,probe,1,validation
target,103155,normal,normal,0,test
target,25957,satan,probe,1,test
target,11907,ipsweep,probe,1,test
target,13954,satan,probe,1,test
target,105611,satan,probe,1,test
target,82278,normal,normal,0,validation
target,12676,portsweep,probe,1,test
target,69662,normal,normal,0,test
target,3266,portsweep,probe,1,validation
target,17372,ipsweep,probe,1,validation
target,107079,portsweep,probe,1,test
target,120811,portsweep,probe,1,validation
target,57551,satan,probe,1,test
target,41633,nmap,probe,1,test
target,3823,normal,normal,0,test
target,57255,normal,normal,0,validation
target,40151,ipsweep,probe,1,test
target,37344,normal,normal,0,validation
target,86397,satan,probe,1,test
target,73764,normal,normal,0,test
target,81646,normal,normal,0,test
target,38480,normal,normal,0,test
target,30285,ipsweep,probe,1,test
target,24343,satan,probe,1,test
target,18642,normal,normal,0,test
target,19507,normal,normal,0,test
target,33623,normal,normal,0,test
target,117606,normal,normal,0,test
target,112797,normal,normal,0,test
target,33969,satan,probe,1,test
target,64855,normal,normal,0,test
target,39699,normal,normal,0,test
target,95529,satan,probe,1,test
target,124134,portsweep,probe,1,test
target,32727,normal,normal,0,test
target,16941,normal,normal,0,validation
target,45025,satan,probe,1,test
target,11951,normal,normal,0,validation
target,96132,normal,normal,0,test
target,110051,portsweep,probe,1,test
target,82100,normal,normal,0,validation
target,20900,normal,normal,0,validation
target,98595,ipsweep,probe,1,test
target,105686,normal,normal,0,test
target,68279,normal,normal,0,validation
target,25316,normal,normal,0,test
target,25734,portsweep,probe,1,test
target,58908,nmap,probe,1,test
target,113338,normal,normal,0,test
target,82696,normal,normal,0,test
target,31636,satan,probe,1,validation
target,829,ipsweep,probe,1,test
target,21146,normal,normal,0,test
target,79755,normal,normal,0,test
target,101668,normal,normal,0,validation
target,105898,normal,normal,0,validation
target,6885,satan,probe,1,test
target,20122,normal,normal,0,test
target,67699,normal,normal,0,test
target,19747,normal,normal,0,test
target,117649,satan,probe,1,test
target,103772,normal,normal,0,validation
target,123971,nmap,probe,1,validation
target,49096,ipsweep,probe,1,test
target,5053,normal,normal,0,validation
target,62275,portsweep,probe,1,test
target,74689,normal,normal,0,test
target,120490,portsweep,probe,1,test
target,22779,portsweep,probe,1,test
target,75425,normal,normal,0,test
target,58604,satan,probe,1,test
target,90464,normal,normal,0,validation
target,19226,ipsweep,probe,1,validation
target,85661,ipsweep,probe,1,test
target,52552,satan,probe,1,validation
target,106923,portsweep,probe,1,test
target,112501,normal,normal,0,validation
target,60231,normal,normal,0,test
target,26122,normal,normal,0,test
target,68723,normal,normal,0,test
target,97739,normal,normal,0,validation
target,63341,ipsweep,probe,1,test
target,124832,satan,probe,1,test
target,47017,nmap,probe,1,validation
target,119812,normal,normal,0,test
target,47897,normal,normal,0,test
target,115573,normal,normal,0,test
target,89860,normal,normal,0,test
target,72462,satan,probe,1,test
target,11956,normal,normal,0,test
target,37398,normal,normal,0,test
target,35172,normal,normal,0,test
target,116233,satan,probe,1,validation
target,90055,ipsweep,probe,1,validation
target,31133,normal,normal,0,test
target,77119,normal,normal,0,test
target,124695,ipsweep,probe,1,test
target,28452,ipsweep,probe,1,test
target,96881,ipsweep,probe,1,test
target,117873,normal,normal,0,test
target,44280,portsweep,probe,1,validation
target,83231,normal,normal,0,test
target,8116,normal,normal,0,validation
target,75894,normal,normal,0,test
target,45865,ipsweep,probe,1,test
target,41931,normal,normal,0,test
target,50914,satan,probe,1,test
target,21130,ipsweep,probe,1,test
target,7851,normal,normal,0,test
target,55855,nmap,probe,1,test
target,76641,normal,normal,0,test
target,101488,normal,normal,0,test
target,73867,normal,normal,0,test
target,119809,normal,normal,0,test
target,84990,normal,normal,0,test
target,88844,normal,normal,0,validation
target,68321,normal,normal,0,test
target,95479,normal,normal,0,test
target,28015,normal,normal,0,test
target,42960,normal,normal,0,test
target,49730,satan,probe,1,validation
target,93706,normal,normal,0,test
target,28698,normal,normal,0,test
target,56783,normal,normal,0,test
target,30077,ipsweep,probe,1,validation
target,115238,ipsweep,probe,1,test
target,59608,satan,probe,1,test
target,104536,ipsweep,probe,1,test
target,686,normal,normal,0,test
target,7193,portsweep,probe,1,test
target,35572,ipsweep,probe,1,validation
target,38173,normal,normal,0,test
target,8066,normal,normal,0,test
target,98077,satan,probe,1,validation
target,90495,ipsweep,probe,1,validation
target,23697,normal,normal,0,validation
target,75761,satan,probe,1,test
target,67219,normal,normal,0,validation
target,101122,ipsweep,probe,1,test
target,111051,normal,normal,0,validation
target,88241,ipsweep,probe,1,test
target,95662,satan,probe,1,test
target,109530,normal,normal,0,test
target,23948,normal,normal,0,test
target,83076,normal,normal,0,validation
target,3365,normal,normal,0,validation
target,79699,satan,probe,1,validation
target,119511,ipsweep,probe,1,test
target,46496,satan,probe,1,test
target,123816,portsweep,probe,1,test
target,83792,normal,normal,0,validation
target,52760,ipsweep,probe,1,test
target,58341,satan,probe,1,test
target,102481,portsweep,probe,1,test
target,75569,normal,normal,0,test
target,44926,normal,normal,0,test
target,87632,portsweep,probe,1,validation
target,119831,ipsweep,probe,1,test
target,52806,ipsweep,probe,1,test
target,8420,ipsweep,probe,1,validation
target,62261,normal,normal,0,validation
target,71204,normal,normal,0,test
target,38258,normal,normal,0,test
target,108644,normal,normal,0,test
target,25889,portsweep,probe,1,test
target,117960,ipsweep,probe,1,test
target,68590,normal,normal,0,test
target,64131,normal,normal,0,validation
target,105303,normal,normal,0,validation
target,29026,satan,probe,1,test
target,97569,satan,probe,1,test
target,109268,normal,normal,0,validation
target,54801,ipsweep,probe,1,test
target,50196,normal,normal,0,validation
target,22169,normal,normal,0,validation
target,65468,portsweep,probe,1,test
target,73178,normal,normal,0,validation
target,81221,normal,normal,0,validation
target,75060,ipsweep,probe,1,validation
target,34157,normal,normal,0,validation
target,122633,ipsweep,probe,1,test
target,308,portsweep,probe,1,test
target,41248,satan,probe,1,test
target,67995,portsweep,probe,1,test
target,43236,ipsweep,probe,1,test
target,80558,normal,normal,0,test
target,41539,satan,probe,1,test
target,112070,satan,probe,1,test
target,86395,normal,normal,0,test
target,9564,satan,probe,1,test
target,125838,normal,normal,0,validation
target,19924,normal,normal,0,test
target,75454,normal,normal,0,test
target,53407,normal,normal,0,test
target,55687,ipsweep,probe,1,test
target,51117,ipsweep,probe,1,test
target,84048,ipsweep,probe,1,validation
target,68758,portsweep,probe,1,test
target,61092,portsweep,probe,1,validation
target,24872,satan,probe,1,test
target,30421,nmap,probe,1,test
target,95796,normal,normal,0,validation
target,18102,normal,normal,0,validation
target,27959,normal,normal,0,test
target,24916,normal,normal,0,validation
target,98835,normal,normal,0,test
target,33857,normal,normal,0,test
target,117706,normal,normal,0,test
target,102187,portsweep,probe,1,validation
target,17449,ipsweep,probe,1,test
target,112868,normal,normal,0,test
target,9675,portsweep,probe,1,test
target,43733,portsweep,probe,1,test
target,2405,ipsweep,probe,1,validation
target,95298,normal,normal,0,test
target,92078,normal,normal,0,validation
target,8608,satan,probe,1,test
target,122161,ipsweep,probe,1,test
target,15550,normal,normal,0,validation
target,86933,satan,probe,1,test
target,103544,ipsweep,probe,1,test
target,5622,portsweep,probe,1,validation
target,28861,satan,probe,1,validation
target,100608,portsweep,probe,1,test
target,84762,ipsweep,probe,1,test
target,92651,normal,normal,0,test
target,40898,normal,normal,0,test
target,52208,normal,normal,0,test
target,48056,normal,normal,0,test
target,70976,satan,probe,1,test
target,105750,satan,probe,1,test
target,98228,normal,normal,0,test
target,24913,normal,normal,0,test
target,33874,portsweep,probe,1,validation
target,35185,ipsweep,probe,1,validation
target,100423,nmap,probe,1,test
target,83334,normal,normal,0,test
target,4198,nmap,probe,1,validation
target,114145,normal,normal,0,validation
target,53236,normal,normal,0,test
target,107515,ipsweep,probe,1,test
target,86092,normal,normal,0,validation
target,36897,satan,probe,1,test
target,9763,normal,normal,0,test
target,77449,normal,normal,0,test
target,20926,normal,normal,0,test
target,53604,satan,probe,1,test
target,98115,normal,normal,0,test
target,29433,satan,probe,1,validation
target,1235,portsweep,probe,1,test
target,98943,satan,probe,1,test
target,63246,nmap,probe,1,test
target,108651,ipsweep,probe,1,test
target,116533,satan,probe,1,test
target,68898,portsweep,probe,1,test
target,19030,portsweep,probe,1,test
target,23912,satan,probe,1,test
target,45584,portsweep,probe,1,test
target,98855,portsweep,probe,1,test
target,6344,satan,probe,1,test
target,5126,satan,probe,1,test
target,12137,normal,normal,0,test
target,104855,ipsweep,probe,1,test
target,116147,normal,normal,0,validation
target,1965,normal,normal,0,test
target,94070,normal,normal,0,validation
target,30184,ipsweep,probe,1,validation
target,18338,ipsweep,probe,1,validation
target,61455,normal,normal,0,test
target,94936,satan,probe,1,test
target,19426,normal,normal,0,test
target,108978,satan,probe,1,test
target,50967,normal,normal,0,validation
target,37517,satan,probe,1,test
target,106476,portsweep,probe,1,validation
target,93149,normal,normal,0,validation
target,49974,normal,normal,0,validation
target,108998,portsweep,probe,1,validation
target,55395,ipsweep,probe,1,test
target,103621,normal,normal,0,test
target,8737,ipsweep,probe,1,test
target,110546,normal,normal,0,test
target,53393,satan,probe,1,test
target,1106,ipsweep,probe,1,test
target,116839,normal,normal,0,test
target,30816,normal,normal,0,test
target,100431,satan,probe,1,validation
target,241,ipsweep,probe,1,validation
target,39062,normal,normal,0,test
target,100875,normal,normal,0,test
target,59848,normal,normal,0,test
target,57929,normal,normal,0,test
target,25159,normal,normal,0,test
target,33165,normal,normal,0,test
target,30176,normal,normal,0,test
target,74085,satan,probe,1,test
target,61063,ipsweep,probe,1,test
target,98434,normal,normal,0,validation
target,88993,normal,normal,0,validation
target,40896,normal,normal,0,test
target,41111,portsweep,probe,1,test
target,27554,portsweep,probe,1,test
target,94177,normal,normal,0,test
target,603,ipsweep,probe,1,test
target,101164,nmap,probe,1,test
target,27409,normal,normal,0,test
target,105565,portsweep,probe,1,test
target,81895,satan,probe,1,test
target,20984,normal,normal,0,test
target,34140,normal,normal,0,test
target,66221,normal,normal,0,test
target,45621,normal,normal,0,test
target,18647,normal,normal,0,test
target,63813,normal,normal,0,validation
target,75556,portsweep,probe,1,test
target,11285,normal,normal,0,validation
target,7645,normal,normal,0,test
target,55288,satan,probe,1,validation
target,44318,normal,normal,0,validation
target,26471,normal,normal,0,test
target,75420,normal,normal,0,validation
target,57868,normal,normal,0,test
target,30329,normal,normal,0,test
target,18396,normal,normal,0,test
target,91777,normal,normal,0,test
target,57676,ipsweep,probe,1,validation
target,11282,normal,normal,0,test
target,33808,normal,normal,0,test
target,46958,normal,normal,0,test
target,5459,nmap,probe,1,test
target,95892,satan,probe,1,test
target,56824,normal,normal,0,validation
target,11337,satan,probe,1,test
target,9327,ipsweep,probe,1,test
target,112103,portsweep,probe,1,test
target,530,satan,probe,1,test
target,61616,nmap,probe,1,validation
target,1703,normal,normal,0,test
target,27909,satan,probe,1,validation
target,72290,normal,normal,0,test
target,38543,satan,probe,1,test
target,71494,normal,normal,0,test
target,56203,normal,normal,0,test
target,82179,normal,normal,0,test
target,52294,normal,normal,0,test
target,48796,normal,normal,0,test
target,96887,portsweep,probe,1,test
target,36953,ipsweep,probe,1,test
target,7907,normal,normal,0,test
target,26865,portsweep,probe,1,test
target,123013,portsweep,probe,1,test
target,98653,nmap,probe,1,test
target,74891,normal,normal,0,test
target,31265,satan,probe,1,validation
target,36833,nmap,probe,1,validation
target,12401,portsweep,probe,1,test
target,117456,normal,normal,0,validation
target,63307,normal,normal,0,test
target,102732,nmap,probe,1,test
target,11795,satan,probe,1,validation
target,49116,nmap,probe,1,test
target,900,satan,probe,1,test
target,70923,normal,normal,0,test
target,82606,normal,normal,0,test
target,117885,normal,normal,0,test
target,17387,normal,normal,0,validation
target,122499,normal,normal,0,test
target,95779,satan,probe,1,validation
target,63782,ipsweep,probe,1,test
target,116757,ipsweep,probe,1,validation
target,20943,ipsweep,probe,1,test
target,20225,ipsweep,probe,1,test
target,70333,normal,normal,0,validation
target,99674,normal,normal,0,validation
target,79167,ipsweep,probe,1,test
target,15102,normal,normal,0,test
target,68559,satan,probe,1,test
target,78603,normal,normal,0,validation
target,77035,nmap,probe,1,test
target,120827,ipsweep,probe,1,test
target,65607,normal,normal,0,test
target,2085,satan,probe,1,test
target,30787,satan,probe,1,validation
target,8004,normal,normal,0,test
target,114607,satan,probe,1,test
target,15436,satan,probe,1,test
target,112265,ipsweep,probe,1,test
target,73034,nmap,probe,1,test
target,110360,ipsweep,probe,1,validation
target,121452,normal,normal,0,validation
target,100559,nmap,probe,1,test
target,45506,nmap,probe,1,test
target,19505,satan,probe,1,test
target,28354,normal,normal,0,validation
target,8222,normal,normal,0,test
target,92209,normal,normal,0,test
target,111315,normal,normal,0,test
target,19378,normal,normal,0,test
target,110070,ipsweep,probe,1,test
target,52006,normal,normal,0,validation
target,94741,satan,probe,1,test
target,51466,nmap,probe,1,test
target,46252,ipsweep,probe,1,test
target,2848,normal,normal,0,test
target,1718,satan,probe,1,test
target,117749,portsweep,probe,1,test
target,67586,normal,normal,0,test
target,67384,ipsweep,probe,1,test
target,49030,satan,probe,1,test
target,11266,normal,normal,0,test
target,4275,portsweep,probe,1,test
target,35409,normal,normal,0,test
target,65634,satan,probe,1,test
target,36486,normal,normal,0,test
target,6354,portsweep,probe,1,validation
target,88477,portsweep,probe,1,test
target,42806,nmap,probe,1,test
target,120295,satan,probe,1,test
target,56548,normal,normal,0,validation
target,38244,normal,normal,0,test
target,102076,ipsweep,probe,1,validation
target,77499,satan,probe,1,test
target,56789,satan,probe,1,test
target,71816,normal,normal,0,test
target,82956,normal,normal,0,test
target,119680,normal,normal,0,validation
target,120242,ipsweep,probe,1,test
target,91876,ipsweep,probe,1,test
target,23524,normal,normal,0,test
target,122123,ipsweep,probe,1,validation
target,6718,satan,probe,1,validation
target,54688,satan,probe,1,test
target,61845,normal,normal,0,validation
target,43698,normal,normal,0,test
target,74589,normal,normal,0,test
target,52826,normal,normal,0,test
target,39556,satan,probe,1,test
target,3381,ipsweep,probe,1,test
target,66925,normal,normal,0,test
target,63134,normal,normal,0,validation
target,69470,normal,normal,0,test
target,85163,normal,normal,0,validation
target,23114,normal,normal,0,test
target,88872,normal,normal,0,test
target,43804,portsweep,probe,1,test
target,38975,ipsweep,probe,1,test
target,52343,normal,normal,0,test
target,92132,portsweep,probe,1,test
target,17415,portsweep,probe,1,test
target,8577,normal,normal,0,validation
target,83909,portsweep,probe,1,test
target,52607,normal,normal,0,test
target,115385,nmap,probe,1,test
target,100257,ipsweep,probe,1,test
target,73295,portsweep,probe,1,test
target,99756,normal,normal,0,test
target,65845,normal,normal,0,test
target,38599,normal,normal,0,test
target,65426,normal,normal,0,validation
target,83440,nmap,probe,1,test
target,53782,normal,normal,0,test
target,42001,normal,normal,0,validation
target,53211,normal,normal,0,validation
target,1352,satan,probe,1,test
target,101143,nmap,probe,1,test
target,74854,satan,probe,1,test
target,21228,normal,normal,0,validation
target,97852,ipsweep,probe,1,test
target,113073,normal,normal,0,validation
target,54493,portsweep,probe,1,validation
target,60152,satan,probe,1,test
target,36469,satan,probe,1,validation
target,60572,normal,normal,0,test
target,117377,portsweep,probe,1,test
target,33177,normal,normal,0,test
target,41120,ipsweep,probe,1,test
target,71601,normal,normal,0,test
target,72682,satan,probe,1,validation
target,20295,satan,probe,1,validation
target,102298,satan,probe,1,test
target,88902,ipsweep,probe,1,test
target,72188,normal,normal,0,test
target,110633,ipsweep,probe,1,test
target,106599,ipsweep,probe,1,test
target,69724,normal,normal,0,test
target,109760,normal,normal,0,validation
target,79248,ipsweep,probe,1,test
target,44151,normal,normal,0,validation
target,30389,portsweep,probe,1,test
target,66851,normal,normal,0,test
target,97244,normal,normal,0,test
target,121124,normal,normal,0,test
target,2220,normal,normal,0,test
target,114850,satan,probe,1,test
target,65989,satan,probe,1,validation
target,18405,normal,normal,0,validation
target,103540,normal,normal,0,test
target,63792,satan,probe,1,test
target,12435,normal,normal,0,validation
target,48139,portsweep,probe,1,validation
target,16241,satan,probe,1,validation
target,7798,normal,normal,0,test
target,107957,normal,normal,0,test
target,113825,satan,probe,1,test
target,124135,satan,probe,1,validation
target,114591,portsweep,probe,1,test
target,14573,ipsweep,probe,1,test
target,30639,normal,normal,0,test
target,109735,nmap,probe,1,validation
target,2115,satan,probe,1,test
target,104665,normal,normal,0,test
target,6298,normal,normal,0,test
target,3920,normal,normal,0,validation
target,103181,ipsweep,probe,1,test
target,86188,normal,normal,0,validation
target,14200,normal,normal,0,test
target,88234,portsweep,probe,1,test
target,102378,normal,normal,0,test
target,4836,portsweep,probe,1,test
target,15615,satan,probe,1,test
target,8869,portsweep,probe,1,test
target,57035,satan,probe,1,test
target,21866,normal,normal,0,test
target,124358,satan,probe,1,test
target,81772,ipsweep,probe,1,test
target,57602,ipsweep,probe,1,validation
target,35651,satan,probe,1,test
target,35623,normal,normal,0,test
target,3069,nmap,probe,1,test
target,103075,satan,probe,1,validation
target,50054,ipsweep,probe,1,test
target,115677,normal,normal,0,test
target,19786,satan,probe,1,test
target,115960,ipsweep,probe,1,validation
target,11359,satan,probe,1,validation
target,18310,portsweep,probe,1,test
target,124777,satan,probe,1,test
target,62658,normal,normal,0,test
target,76221,normal,normal,0,validation
target,122939,satan,probe,1,test
target,47479,satan,probe,1,test
target,113248,nmap,probe,1,test
target,66847,normal,normal,0,validation
target,29971,satan,probe,1,test
target,67937,normal,normal,0,test
target,31751,satan,probe,1,test
target,4701,normal,normal,0,test
target,74133,normal,normal,0,test
target,21096,portsweep,probe,1,test
target,87561,normal,normal,0,validation
target,38051,portsweep,probe,1,validation
target,6327,satan,probe,1,test
target,42820,ipsweep,probe,1,validation
target,97660,satan,probe,1,test
target,74499,normal,normal,0,test
target,50712,ipsweep,probe,1,validation
target,13753,normal,normal,0,test
target,53065,normal,normal,0,validation
target,8909,ipsweep,probe,1,test
target,93927,ipsweep,probe,1,test
target,86028,portsweep,probe,1,test
target,116764,nmap,probe,1,test
target,107602,nmap,probe,1,test
target,10840,nmap,probe,1,test
target,113385,satan,probe,1,test
target,7763,normal,normal,0,test
target,43918,nmap,probe,1,validation
target,101968,normal,normal,0,validation
target,68226,satan,probe,1,test
target,120837,normal,normal,0,test
target,74463,normal,normal,0,validation
target,120401,satan,probe,1,test
target,80276,portsweep,probe,1,test
target,70363,normal,normal,0,validation
target,14116,normal,normal,0,validation
target,118015,ipsweep,probe,1,test
target,83171,satan,probe,1,validation
target,61111,normal,normal,0,test
target,92322,satan,probe,1,test
target,17865,ipsweep,probe,1,test
target,34240,normal,normal,0,test
target,99071,nmap,probe,1,validation
target,58543,satan,probe,1,test
target,67904,portsweep,probe,1,test
target,67018,satan,probe,1,test
target,76220,normal,normal,0,test
target,2409,nmap,probe,1,test
target,1679,normal,normal,0,test
target,89936,satan,probe,1,test
target,72270,satan,probe,1,test
target,41724,normal,normal,0,test
target,80121,normal,normal,0,test
target,66057,portsweep,probe,1,test
target,51865,normal,normal,0,test
target,102758,satan,probe,1,test
target,87996,normal,normal,0,validation
target,62314,nmap,probe,1,test
target,62756,ipsweep,probe,1,validation
target,52779,satan,probe,1,test
target,55380,normal,normal,0,test
target,51634,normal,normal,0,test
target,96590,nmap,probe,1,test
target,74500,satan,probe,1,validation
target,6737,ipsweep,probe,1,test
target,125299,normal,normal,0,test
target,23786,nmap,probe,1,validation
target,122202,portsweep,probe,1,test
target,45612,nmap,probe,1,test
target,37927,satan,probe,1,test
target,105624,normal,normal,0,test
target,8323,normal,normal,0,test
target,65959,normal,normal,0,test
target,105114,ipsweep,probe,1,validation
target,46034,normal,normal,0,test
target,56802,normal,normal,0,test
target,56782,ipsweep,probe,1,test
target,125338,portsweep,probe,1,test
target,121376,portsweep,probe,1,test
target,38301,satan,probe,1,test
target,76856,normal,normal,0,test
target,23935,normal,normal,0,test
target,43119,nmap,probe,1,validation
target,120011,normal,normal,0,validation
target,98224,portsweep,probe,1,test
target,28773,satan,probe,1,test
target,47954,normal,normal,0,test
target,65290,normal,normal,0,test
target,114013,normal,normal,0,test
target,122622,normal,normal,0,test
target,570,ipsweep,probe,1,test
target,39855,satan,probe,1,test
target,64787,portsweep,probe,1,test
target,54037,normal,normal,0,test
target,56674,portsweep,probe,1,test
target,107871,normal,normal,0,validation
target,103234,normal,normal,0,test
target,53059,portsweep,probe,1,test
target,4636,satan,probe,1,test
target,75520,ipsweep,probe,1,test
target,75120,satan,probe,1,test
target,78465,normal,normal,0,test
target,10948,normal,normal,0,validation
target,79441,normal,normal,0,test
target,102295,satan,probe,1,test
target,29544,satan,probe,1,test
target,78833,satan,probe,1,validation
target,5641,satan,probe,1,validation
target,4321,satan,probe,1,test
target,2889,satan,probe,1,test
target,124909,satan,probe,1,test
target,105838,normal,normal,0,test
target,102110,ipsweep,probe,1,validation
target,95692,normal,normal,0,test
target,26080,portsweep,probe,1,validation
target,56713,normal,normal,0,test
target,63510,satan,probe,1,test
target,18638,ipsweep,probe,1,validation
target,28344,portsweep,probe,1,test
target,64947,nmap,probe,1,test
target,25616,portsweep,probe,1,test
target,100706,ipsweep,probe,1,test
target,32078,portsweep,probe,1,validation
target,94169,nmap,probe,1,test
target,84499,satan,probe,1,test
target,45142,normal,normal,0,test
target,100299,nmap,probe,1,test
target,89303,normal,normal,0,test
target,115564,normal,normal,0,test
target,51832,normal,normal,0,test
target,101139,normal,normal,0,validation
target,47809,ipsweep,probe,1,test
target,50412,normal,normal,0,test
target,88340,portsweep,probe,1,validation
target,69386,normal,normal,0,validation
target,902,portsweep,probe,1,test
target,18885,satan,probe,1,test
target,61563,normal,normal,0,test
target,9083,normal,normal,0,test
target,84782,portsweep,probe,1,validation
target,88070,ipsweep,probe,1,validation
target,82951,normal,normal,0,test
target,6481,ipsweep,probe,1,test
target,74877,satan,probe,1,test
target,107317,normal,normal,0,test
target,60312,normal,normal,0,test
target,10729,portsweep,probe,1,validation
target,102052,normal,normal,0,test
target,9899,normal,normal,0,validation
target,70259,satan,probe,1,validation
target,96946,satan,probe,1,validation
target,50031,satan,probe,1,validation
target,30255,satan,probe,1,test
target,63427,ipsweep,probe,1,test
target,110196,normal,normal,0,test
target,54143,satan,probe,1,test
target,69302,satan,probe,1,test
target,58454,normal,normal,0,validation
target,88554,normal,normal,0,validation
target,63632,satan,probe,1,test
target,97549,ipsweep,probe,1,test
target,82897,portsweep,probe,1,test
target,45375,nmap,probe,1,test
target,85788,normal,normal,0,test
target,59600,nmap,probe,1,validation
target,25631,nmap,probe,1,test
target,5238,satan,probe,1,test
target,82580,portsweep,probe,1,validation
target,95543,satan,probe,1,test
target,47508,normal,normal,0,test
target,74721,satan,probe,1,test
target,79373,normal,normal,0,test
target,65510,portsweep,probe,1,test
target,120046,normal,normal,0,test
target,39315,satan,probe,1,test
target,83757,ipsweep,probe,1,test
target,102219,normal,normal,0,validation
target,120723,normal,normal,0,validation
target,26380,satan,probe,1,test
target,97474,ipsweep,probe,1,test
target,33794,normal,normal,0,test
target,120445,normal,normal,0,test
target,29023,normal,normal,0,test
target,20449,nmap,probe,1,validation
target,86834,nmap,probe,1,test
target,23119,ipsweep,probe,1,test
target,68852,normal,normal,0,validation
target,57282,portsweep,probe,1,test
target,122551,satan,probe,1,test
target,17354,normal,normal,0,test
target,79673,normal,normal,0,test
target,1119,normal,normal,0,validation
target,2162,portsweep,probe,1,validation
target,20796,portsweep,probe,1,test
target,61352,nmap,probe,1,test
target,91361,satan,probe,1,validation
target,65013,normal,normal,0,test
target,18888,normal,normal,0,test
target,79896,normal,normal,0,validation
target,94032,portsweep,probe,1,validation
target,33276,normal,normal,0,test
target,25944,normal,normal,0,validation
target,123570,normal,normal,0,validation
target,53024,normal,normal,0,test
target,47577,normal,normal,0,test
target,118524,portsweep,probe,1,validation
target,22644,satan,probe,1,test
target,119184,satan,probe,1,test
target,62938,normal,normal,0,validation
target,224,ipsweep,probe,1,test
target,100813,normal,normal,0,validation
target,75551,normal,normal,0,test
target,84840,nmap,probe,1,test
target,50598,normal,normal,0,test
target,40119,ipsweep,probe,1,validation
target,93663,normal,normal,0,test
target,79408,ipsweep,probe,1,test
target,81255,ipsweep,probe,1,validation
target,89907,portsweep,probe,1,test
target,111327,normal,normal,0,test
target,66205,normal,normal,0,test
target,90891,portsweep,probe,1,validation
target,95965,normal,normal,0,test
target,15795,normal,normal,0,test
target,24160,normal,normal,0,test
target,22881,normal,normal,0,test
target,81993,normal,normal,0,test
target,2474,ipsweep,probe,1,validation
target,55158,nmap,probe,1,test
target,52353,portsweep,probe,1,validation
target,35025,satan,probe,1,validation
target,83031,nmap,probe,1,test
target,11717,normal,normal,0,validation
target,88834,ipsweep,probe,1,validation
target,118228,satan,probe,1,test
target,118341,satan,probe,1,validation
target,90084,normal,normal,0,test
target,19384,nmap,probe,1,validation
target,50343,normal,normal,0,validation
target,69288,portsweep,probe,1,test
target,100282,normal,normal,0,test
target,19152,ipsweep,probe,1,test
target,68815,nmap,probe,1,test
target,102644,normal,normal,0,test
target,13052,normal,normal,0,validation
target,118713,normal,normal,0,test
target,94706,ipsweep,probe,1,test
target,29775,normal,normal,0,validation
target,77675,normal,normal,0,test
target,6445,nmap,probe,1,test
target,108598,normal,normal,0,test
target,109318,normal,normal,0,test
target,56742,ipsweep,probe,1,test
target,57590,normal,normal,0,validation
target,27039,ipsweep,probe,1,test
target,121022,nmap,probe,1,test
target,99233,normal,normal,0,test
target,96586,satan,probe,1,test
target,26559,normal,normal,0,test
target,74313,satan,probe,1,validation
target,20161,normal,normal,0,test
target,9929,normal,normal,0,test
target,68386,normal,normal,0,test
target,60582,portsweep,probe,1,test
target,14172,normal,normal,0,validation
target,66474,normal,normal,0,validation
target,97163,satan,probe,1,test
target,5745,normal,normal,0,validation
target,103583,normal,normal,0,test
target,119599,normal,normal,0,validation
target,88943,ipsweep,probe,1,test
target,17702,normal,normal,0,validation
target,70375,normal,normal,0,validation
target,60132,normal,normal,0,validation
target,69890,ipsweep,probe,1,test
target,88188,normal,normal,0,test
target,105066,normal,normal,0,test
target,11843,portsweep,probe,1,test
target,97186,ipsweep,probe,1,test
target,38615,ipsweep,probe,1,test
target,65210,satan,probe,1,test
target,124855,normal,normal,0,test
target,22045,normal,normal,0,test
target,66359,normal,normal,0,test
target,22347,normal,normal,0,test
target,72628,normal,normal,0,test
target,1061,normal,normal,0,test
target,97746,ipsweep,probe,1,test
target,67944,normal,normal,0,validation
target,45069,portsweep,probe,1,test
target,84532,satan,probe,1,test
target,56325,satan,probe,1,test
target,112392,normal,normal,0,test
target,102319,portsweep,probe,1,test
target,25687,normal,normal,0,test
target,84124,normal,normal,0,test
target,109703,portsweep,probe,1,validation
target,15002,nmap,probe,1,test
target,5300,ipsweep,probe,1,validation
target,107618,nmap,probe,1,test
target,104186,portsweep,probe,1,test
target,37541,satan,probe,1,test
target,113382,normal,normal,0,test
target,24708,satan,probe,1,test
target,77156,normal,normal,0,test
target,20459,normal,normal,0,test
target,27790,normal,normal,0,test
target,122560,normal,normal,0,test
target,123506,normal,normal,0,test
target,124847,satan,probe,1,test
target,101530,portsweep,probe,1,validation
target,36600,ipsweep,probe,1,test
target,101206,normal,normal,0,validation
target,24055,normal,normal,0,test
target,30520,normal,normal,0,validation
target,29277,satan,probe,1,validation
target,36410,satan,probe,1,test
target,39878,satan,probe,1,test
target,28007,normal,normal,0,test
target,99827,nmap,probe,1,validation
target,52020,portsweep,probe,1,validation
target,108928,satan,probe,1,test
target,69800,ipsweep,probe,1,test
target,81495,normal,normal,0,test
target,90611,normal,normal,0,test
target,79159,normal,normal,0,test
target,30800,nmap,probe,1,test
target,71300,portsweep,probe,1,validation
target,22762,satan,probe,1,test
target,55635,normal,normal,0,test
target,69905,ipsweep,probe,1,test
target,118931,satan,probe,1,test
target,17033,normal,normal,0,validation
target,19357,normal,normal,0,test
target,100774,nmap,probe,1,test
target,53914,normal,normal,0,test
target,36495,ipsweep,probe,1,test
target,26474,normal,normal,0,test
target,91107,portsweep,probe,1,test
target,86262,normal,normal,0,validation
target,40507,normal,normal,0,test
target,3262,normal,normal,0,validation
target,97261,satan,probe,1,test
target,35867,portsweep,probe,1,test
target,33600,normal,normal,0,test
target,85243,nmap,probe,1,test
target,9315,nmap,probe,1,test
target,17151,normal,normal,0,test
target,86048,normal,normal,0,test
target,31244,satan,probe,1,validation
target,90745,normal,normal,0,test
target,110234,portsweep,probe,1,test
target,33926,normal,normal,0,test
target,46870,normal,normal,0,validation
target,69394,ipsweep,probe,1,test
target,9691,normal,normal,0,test
target,94441,normal,normal,0,test
target,31178,satan,probe,1,test
target,39064,normal,normal,0,test
target,76778,normal,normal,0,test
target,57963,ipsweep,probe,1,validation
target,30322,ipsweep,probe,1,test
target,23481,portsweep,probe,1,test
target,123892,portsweep,probe,1,test
target,57764,normal,normal,0,validation
target,38370,ipsweep,probe,1,validation
target,125771,satan,probe,1,test
target,49073,nmap,probe,1,test
target,66985,normal,normal,0,test
target,120901,normal,normal,0,validation
target,32175,normal,normal,0,test
target,34627,satan,probe,1,validation
target,13541,ipsweep,probe,1,validation
target,96378,satan,probe,1,validation
target,74363,normal,normal,0,validation
target,4812,nmap,probe,1,test
target,4004,normal,normal,0,test
target,38853,normal,normal,0,test
target,66143,portsweep,probe,1,test
target,125017,nmap,probe,1,validation
target,86062,normal,normal,0,test
target,49837,satan,probe,1,test
target,19234,normal,normal,0,test
target,3787,ipsweep,probe,1,test
target,120086,normal,normal,0,validation
target,15007,normal,normal,0,test
target,31894,satan,probe,1,test
target,98203,ipsweep,probe,1,test
target,22768,normal,normal,0,test
target,9956,normal,normal,0,test
target,122165,portsweep,probe,1,validation
target,71456,nmap,probe,1,test
target,29004,ipsweep,probe,1,test
target,15961,normal,normal,0,test
target,18921,ipsweep,probe,1,test
target,32710,ipsweep,probe,1,test
target,48767,normal,normal,0,test
target,13021,ipsweep,probe,1,test
target,67236,normal,normal,0,test
target,1517,nmap,probe,1,test
target,31300,portsweep,probe,1,test
target,96061,normal,normal,0,validation
target,68400,ipsweep,probe,1,test
target,102548,satan,probe,1,validation
target,78578,ipsweep,probe,1,test
target,34791,nmap,probe,1,test
target,19535,normal,normal,0,test
target,90613,normal,normal,0,test
target,3329,normal,normal,0,test
target,61308,normal,normal,0,test
target,82176,nmap,probe,1,test
target,118831,normal,normal,0,test
target,27359,normal,normal,0,test
target,70893,ipsweep,probe,1,validation
target,65108,normal,normal,0,validation
target,94576,portsweep,probe,1,test
target,65398,normal,normal,0,test
target,51471,normal,normal,0,test
target,95986,normal,normal,0,validation
target,109258,normal,normal,0,validation
target,4522,portsweep,probe,1,test
target,12879,ipsweep,probe,1,test
target,113591,portsweep,probe,1,test
target,99751,normal,normal,0,test
target,66262,normal,normal,0,test
target,114540,normal,normal,0,test
target,72980,normal,normal,0,test
target,13411,ipsweep,probe,1,validation
target,49186,ipsweep,probe,1,test
target,79312,portsweep,probe,1,test
target,41676,ipsweep,probe,1,test
target,46689,satan,probe,1,test
target,47394,ipsweep,probe,1,test
target,125634,normal,normal,0,validation
target,69314,normal,normal,0,validation
target,11666,ipsweep,probe,1,validation
target,45620,satan,probe,1,test
target,96581,portsweep,probe,1,test
target,36568,normal,normal,0,test
target,75727,normal,normal,0,test
target,36307,ipsweep,probe,1,validation
target,73602,satan,probe,1,test
target,7745,normal,normal,0,test
target,25438,normal,normal,0,validation
target,90314,normal,normal,0,test
target,48769,normal,normal,0,validation
target,109827,ipsweep,probe,1,test
target,12874,normal,normal,0,test
target,74159,normal,normal,0,test
target,10956,ipsweep,probe,1,test
target,49995,ipsweep,probe,1,test
target,70573,satan,probe,1,test
target,62526,satan,probe,1,validation
target,39365,ipsweep,probe,1,test
target,69840,satan,probe,1,test
target,65969,normal,normal,0,test
target,108021,normal,normal,0,validation
target,84684,satan,probe,1,test
target,9795,satan,probe,1,test
target,39137,ipsweep,probe,1,test
target,40612,nmap,probe,1,test
target,86936,normal,normal,0,test
target,914,nmap,probe,1,validation
target,7479,normal,normal,0,test
target,103358,normal,normal,0,validation
target,55324,satan,probe,1,validation
target,26633,ipsweep,probe,1,test
target,22982,normal,normal,0,test
target,42813,ipsweep,probe,1,test
target,24661,satan,probe,1,validation
target,55992,normal,normal,0,test
target,62912,normal,normal,0,test
target,101873,normal,normal,0,test
target,37293,portsweep,probe,1,validation
target,118374,ipsweep,probe,1,test
target,103482,normal,normal,0,validation
target,57414,ipsweep,probe,1,validation
target,63319,normal,normal,0,test
target,94896,satan,probe,1,test
target,87032,normal,normal,0,test
target,58088,normal,normal,0,validation
target,27384,portsweep,probe,1,validation
target,111982,ipsweep,probe,1,test
target,63470,ipsweep,probe,1,test
target,3037,normal,normal,0,test
target,87842,satan,probe,1,test
target,33473,normal,normal,0,test
target,121096,portsweep,probe,1,test
target,2553,normal,normal,0,test
target,28365,normal,normal,0,test
target,40800,normal,normal,0,test
target,116958,normal,normal,0,validation
target,9921,satan,probe,1,validation
target,110702,ipsweep,probe,1,test
target,33233,normal,normal,0,test
target,68040,satan,probe,1,validation
target,27619,normal,normal,0,validation
target,106545,normal,normal,0,test
target,93317,normal,normal,0,test
target,50612,normal,normal,0,validation
target,2082,portsweep,probe,1,validation
target,54308,normal,normal,0,test
target,112011,portsweep,probe,1,test
target,100183,normal,normal,0,test
target,78600,normal,normal,0,test
target,38770,normal,normal,0,test
target,801,normal,normal,0,test
target,105700,normal,normal,0,test
target,120422,ipsweep,probe,1,test
target,113205,normal,normal,0,test
target,97881,nmap,probe,1,test
target,44605,portsweep,probe,1,test
target,92708,normal,normal,0,test
target,12226,normal,normal,0,test
target,69017,satan,probe,1,test
target,82282,normal,normal,0,validation
target,68201,satan,probe,1,test
target,49666,normal,normal,0,test
target,93754,ipsweep,probe,1,test
target,13983,normal,normal,0,test
target,42131,normal,normal,0,validation
target,118528,normal,normal,0,test
target,112885,normal,normal,0,test
target,30296,ipsweep,probe,1,validation
target,36747,normal,normal,0,test
target,78588,ipsweep,probe,1,test
target,117927,normal,normal,0,test
target,35846,satan,probe,1,validation
target,124107,satan,probe,1,test
target,5914,normal,normal,0,test
target,17073,portsweep,probe,1,test
target,51494,normal,normal,0,test
target,9217,normal,normal,0,validation
target,99212,normal,normal,0,test
target,85340,normal,normal,0,test
target,7063,satan,probe,1,test
target,103112,satan,probe,1,test
target,76033,normal,normal,0,test
target,112848,normal,normal,0,test
target,72376,normal,normal,0,validation
target,5740,normal,normal,0,test
target,58381,normal,normal,0,test
target,95571,satan,probe,1,validation
target,41491,normal,normal,0,test
target,70422,portsweep,probe,1,test
target,124222,normal,normal,0,test
target,117891,satan,probe,1,test
target,59332,satan,probe,1,test
target,34391,portsweep,probe,1,test
target,86089,normal,normal,0,test
target,1702,normal,normal,0,test
target,83900,normal,normal,0,validation
target,34374,ipsweep,probe,1,test
target,46321,normal,normal,0,test
target,91302,portsweep,probe,1,test
target,74761,normal,normal,0,validation
target,16097,nmap,probe,1,test
target,80162,satan,probe,1,test
target,46536,normal,normal,0,validation
target,115024,normal,normal,0,test
target,95763,normal,normal,0,test
target,112661,normal,normal,0,validation
target,30659,normal,normal,0,test
target,109117,satan,probe,1,test
target,61551,ipsweep,probe,1,test
target,65191,ipsweep,probe,1,test
target,102714,ipsweep,probe,1,test
target,78383,normal,normal,0,test
target,88563,normal,normal,0,test
target,27817,ipsweep,probe,1,test
target,33827,normal,normal,0,test
target,112573,satan,probe,1,test
target,103781,nmap,probe,1,test
target,114548,satan,probe,1,validation
target,1157,ipsweep,probe,1,validation
target,107962,normal,normal,0,validation
target,24200,satan,probe,1,validation
target,35094,normal,normal,0,test
target,109612,portsweep,probe,1,validation
target,78282,satan,probe,1,test
target,66124,portsweep,probe,1,test
target,106413,normal,normal,0,test
target,67709,satan,probe,1,test
target,73730,ipsweep,probe,1,validation
target,61844,normal,normal,0,test
target,15852,normal,normal,0,test
target,41473,portsweep,probe,1,validation
target,82245,ipsweep,probe,1,test
target,80435,normal,normal,0,test
target,64513,nmap,probe,1,test
target,36356,normal,normal,0,validation
target,55849,normal,normal,0,test
target,98838,satan,probe,1,test
target,51766,portsweep,probe,1,test
target,90092,ipsweep,probe,1,test
target,103900,ipsweep,probe,1,test
target,65102,normal,normal,0,test
target,53414,portsweep,probe,1,test
target,98188,satan,probe,1,test
target,87858,normal,normal,0,test
target,6747,normal,normal,0,test
target,11594,satan,probe,1,test
target,9645,normal,normal,0,test
target,49938,normal,normal,0,test
target,2435,nmap,probe,1,test
target,124193,normal,normal,0,test
target,73814,satan,probe,1,validation
target,15869,ipsweep,probe,1,test
target,45745,ipsweep,probe,1,test
target,42922,normal,normal,0,validation
target,15049,normal,normal,0,test
target,23169,normal,normal,0,test
target,56551,normal,normal,0,test
target,38787,ipsweep,probe,1,validation
target,46338,portsweep,probe,1,test
target,70783,nmap,probe,1,validation
target,48664,portsweep,probe,1,test
target,6077,normal,normal,0,test
target,69462,portsweep,probe,1,test
target,41700,normal,normal,0,test
target,100624,ipsweep,probe,1,test
target,21730,normal,normal,0,test
target,50647,normal,normal,0,test
target,7111,ipsweep,probe,1,validation
target,103808,satan,probe,1,test
target,67200,normal,normal,0,test
target,108903,portsweep,probe,1,validation
target,53436,satan,probe,1,test
target,35956,portsweep,probe,1,validation
target,53705,normal,normal,0,validation
target,3457,portsweep,probe,1,validation
target,93948,ipsweep,probe,1,test
target,87380,normal,normal,0,test
target,63854,normal,normal,0,validation
target,41267,normal,normal,0,test
target,41176,nmap,probe,1,test
target,49642,normal,normal,0,test
target,12061,portsweep,probe,1,validation
target,29248,nmap,probe,1,validation
target,40198,satan,probe,1,validation
target,88057,nmap,probe,1,test
target,56725,satan,probe,1,test
target,77541,satan,probe,1,test
target,16610,normal,normal,0,validation
target,61910,portsweep,probe,1,test
target,14918,ipsweep,probe,1,test
target,89694,normal,normal,0,test
target,102773,normal,normal,0,test
target,108460,normal,normal,0,test
target,21472,ipsweep,probe,1,test
target,13859,portsweep,probe,1,test
target,109533,normal,normal,0,validation
target,114930,satan,probe,1,test
target,116907,normal,normal,0,test
target,96709,satan,probe,1,test
target,47741,normal,normal,0,validation
target,117796,normal,normal,0,test
target,74277,normal,normal,0,validation
target,104417,normal,normal,0,test
target,43898,nmap,probe,1,test
target,107982,normal,normal,0,test
target,21172,normal,normal,0,test
target,24100,normal,normal,0,validation
target,82811,normal,normal,0,test
target,115502,satan,probe,1,test
target,97561,satan,probe,1,test
target,69349,normal,normal,0,validation
target,63682,portsweep,probe,1,test
target,95845,normal,normal,0,test
target,103698,satan,probe,1,test
target,2083,normal,normal,0,test
target,12433,ipsweep,probe,1,validation
target,53378,satan,probe,1,test
target,123229,normal,normal,0,test
target,100278,ipsweep,probe,1,validation
target,114082,ipsweep,probe,1,test
target,90518,portsweep,probe,1,validation
target,96343,normal,normal,0,test
target,50194,satan,probe,1,validation
target,31800,portsweep,probe,1,validation
target,37092,ipsweep,probe,1,test
target,87745,nmap,probe,1,test
target,87301,normal,normal,0,test
target,26768,normal,normal,0,test
target,108737,normal,normal,0,test
target,45983,normal,normal,0,test
target,99388,ipsweep,probe,1,test
target,37739,normal,normal,0,test
target,7487,normal,normal,0,test
target,10265,normal,normal,0,test
target,43210,normal,normal,0,test
target,70394,ipsweep,probe,1,test
target,64296,normal,normal,0,test
target,26623,satan,probe,1,test
target,60922,normal,normal,0,test
target,7688,nmap,probe,1,test
target,2205,normal,normal,0,test
target,16246,nmap,probe,1,test
target,12185,normal,normal,0,test
target,31628,normal,normal,0,test
target,96916,normal,normal,0,test
target,122664,normal,normal,0,test
target,21617,ipsweep,probe,1,test
target,457,normal,normal,0,test
target,121038,satan,probe,1,test
target,25090,normal,normal,0,test
target,96419,normal,normal,0,validation
target,111221,normal,normal,0,validation
target,100675,ipsweep,probe,1,validation
target,115109,ipsweep,probe,1,test
target,72048,normal,normal,0,validation
target,69310,normal,normal,0,test
target,120147,portsweep,probe,1,test
target,39080,ipsweep,probe,1,test
target,110218,normal,normal,0,test
target,118146,satan,probe,1,test
target,35713,normal,normal,0,test
target,35931,satan,probe,1,test
target,10638,normal,normal,0,test
target,29278,ipsweep,probe,1,test
target,42111,ipsweep,probe,1,test
target,99828,ipsweep,probe,1,test
target,8407,portsweep,probe,1,test
target,10620,normal,normal,0,test
target,66017,satan,probe,1,test
target,103390,portsweep,probe,1,test
target,17941,normal,normal,0,validation
target,7512,ipsweep,probe,1,test
target,69524,normal,normal,0,test
target,204,normal,normal,0,validation
target,66748,normal,normal,0,test
target,39965,satan,probe,1,test
target,83277,normal,normal,0,test
target,89845,normal,normal,0,test
target,81204,normal,normal,0,test
target,92605,portsweep,probe,1,test
target,32418,nmap,probe,1,test
target,120895,normal,normal,0,test
target,38763,satan,probe,1,test
target,44865,portsweep,probe,1,validation
target,94704,normal,normal,0,validation
target,101608,ipsweep,probe,1,test
target,51823,normal,normal,0,test
target,97901,satan,probe,1,test
